B.S:2078-7-1A.D:2021-10-18,Local:15:20 UTC:09:35,27.85,85.81,4.1,NEMRC, Sindhupalchowk
B.S:2078-7-1A.D:2021-10-18,Local:13:56 UTC:08:11,27.92,85.81,4.7,NEMRC, Sindhupalchowk
B.S:2079-11-21A.D:2023-03-05,Local:08:35 UTC:02:50,29.29,81.4,4.4,NEMRC/SC/DMG,Achham
B.S:2079-7-29A.D:2022-11-15,Local:18:08 UTC:12:23,29.35,81.21,4.2,SC/NEMRC/DMG,Achham
B.S:2074-7-9A.D:2017-10-26,Local:18:36 UTC:12:51,29.08,81.45,4,NSC/RSC,Achham
B.S:2079-9-13A.D:2022-12-27,Local:03:28 UTC:21:43,28.45,83.09,4,NEMRC/DMG,Baglung
B.S:2079-9-13A.D:2022-12-27,Local:02:07 UTC:20:22,28.36,83.19,5.3,NEMRC/DMG,Baglung
B.S:2079-9-13A.D:2022-12-27,Local:01:23 UTC:19:38,28.45,83.14,4.7,NEMRC/DMG,Baglung
B.S:2076-7-15A.D:2019-10-31,Local:03:51 UTC:22:06,28.45,83.23,4.5,NSC,Baglung
B.S:2072-8-4A.D:2015-11-20,Local:13:45 UTC:08:00,28.35,83.36,4,NSC/RSC,Baglung
B.S:2072-3-22A.D:2015-07-07,Local:09:06 UTC:03:21,28.48,83.13,4.2,NSC/RSC,Baglung
B.S:2079-2-24A.D:2022-06-07,Local:12:50 UTC:07:05,29.61,80.51,4,NEMRC/SC,Baitadi
B.S:2078-11-10A.D:2022-02-22,Local:15:52 UTC:10:07,29.7,80.71,4.1,NEMRC,Baitadi
B.S:2080-2-10A.D:2023-05-23,Local:04:06 UTC:22:21,29.66,81.61,4.5,NEMRC/SC/DMG,Bajhang
B.S:2079-7-26A.D:2022-11-12,Local:20:12 UTC:14:27,29.45,81.19,5.4,NEMRC/SC,Bajhang
B.S:2079-7-13A.D:2022-10-30,Local:09:26 UTC:03:41,29.6,81.04,4.6,NEMRC/SC,Bajhang
B.S:2079-1-6A.D:2022-04-19,Local:06:03 UTC:00:18,29.58,81,4.1,NEMRC/SC,Bajhang
B.S:2078-5-8A.D:2021-08-23,Local:02:23 UTC:20:38,29.61,81.01,4,NEMRC/SC,Bajhang
B.S:2077-7-13A.D:2020-10-28,Local:00:19 UTC:18:34,29.58,80.81,4.2,NEMRC/SC,Bajhang
B.S:2077-5-9A.D:2020-08-25,Local:21:09 UTC:15:24,29.59,80.89,4.7,NSC/RSC,Bajhang
B.S:2076-12-20A.D:2020-04-02,Local:20:55 UTC:15:10,29.58,80.96,4,NSC/RSC,Bajhang
B.S:2076-8-3A.D:2019-11-19,Local:19:15 UTC:13:30,29.42,81.1,5.7,NSC/RSC,Bajhang
B.S:2076-2-31A.D:2019-06-14,Local:12:22 UTC:06:37,29.52,81.05,4,RSC/NSC,Bajhang
B.S:2076-2-11A.D:2019-05-25,Local:21:08 UTC:15:23,29.5,81.28,4.3,RSC/NSC,Bajhang
B.S:2076-1-2A.D:2019-04-14,Local:04:27 UTC:22:42,29.49,81.24,4.8,RSC/NSC,Bajhang
B.S:2074-7-20A.D:2017-11-06,Local:08:54 UTC:03:09,29.78,81.28,4.5,RSC/NSC,Bajhang
B.S:2074-5-6A.D:2017-08-22,Local:18:35 UTC:12:50,29.41,81.1,4.9,RSC/NSC,Bajhang
B.S:2074-2-16A.D:2017-05-30,Local:11:23 UTC:05:38,29.64,80.97,4.1,RSC/NSC,Bajhang
B.S:2074-1-11A.D:2017-04-24,Local:08:49 UTC:03:04,29.75,81.31,4.1,NSC/RSC,Bajhang
B.S:2073-7-21A.D:2016-11-06,Local:09:47 UTC:04:02,29.69,81.05,4,RSC/NSC,Bajhang
B.S:2073-3-18A.D:2016-07-02,Local:18:08 UTC:12:23,29.64,81.28,4.4,RSC/NSC,Bajhang
B.S:2073-3-15A.D:2016-06-29,Local:15:11 UTC:09:26,29.63,81.24,4.2,RSC/NSC,Bajhang
B.S:2073-3-15A.D:2016-06-29,Local:14:55 UTC:09:10,29.63,81.28,5,RSC/NSC,Bajhang
B.S:2073-1-18A.D:2016-04-30,Local:12:28 UTC:06:43,29.54,81.1,4.2,RSC/NSC,Bajhang
B.S:2072-12-22A.D:2016-04-04,Local:09:40 UTC:03:55,29.81,81.51,4.3,RSC/NSC,Bajhang
B.S:2078-3-18A.D:2021-07-02,Local:22:02 UTC:16:17,29.79,81.59,4.1,NEMRC/SC,Bajhang/Bajura
B.S:2076-6-11A.D:2019-09-28,Local:10:43 UTC:04:58,30,81.45,4.3,RSC/NSC,Bajhang/Humla border
B.S:2080-2-29A.D:2023-06-12,Local:07:38 UTC:01:53,29.72,81.61,4.4,NEMRC/SC/DMG,Bajura
B.S:2080-2-8A.D:2023-05-22,Local:18:54 UTC:13:09,29.68,81.61,4.1,NEMRC/SC/DMG,Bajura
B.S:2080-1-28A.D:2023-05-10,Local:05:15 UTC:23:30,29.73,81.62,4.3,NEMRC/SC/DMG,Bajura
B.S:2080-1-21A.D:2023-05-04,Local:13:17 UTC:07:32,29.78,81.58,4.1,NEMRC/SC/DMG,Bajura
B.S:2080-1-15A.D:2023-04-28,Local:09:25 UTC:03:40,29.74,81.63,4.1,NEMRC/SC/DMG,Bajura
B.S:2080-1-15A.D:2023-04-27,Local:01:30 UTC:19:45,29.78,81.61,5.9,NEMRC/SC/DMG,Bajura
B.S:2080-1-14A.D:2023-04-27,Local:23:58 UTC:18:13,29.75,81.56,4.9,NEMRC/SC/DMG,Bajura
B.S:2080-1-10A.D:2023-04-23,Local:13:12 UTC:07:27,29.38,81.34,4.1,NEMRC/SC/DMG,Bajura
B.S:2079-12-12A.D:2023-03-26,Local:22:27 UTC:16:42,29.42,81.66,4.3,NEMRC/SC/DMG,Bajura
B.S:2079-11-10A.D:2023-02-22,Local:13:45 UTC:08:00,29.68,81.67,5.2,NEMRC/SC,Bajura
B.S:2079-10-18A.D:2023-02-01,Local:11:44 UTC:05:59,29.71,81.62,4,SC/NEMRC,Bajura
B.S:2079-10-12A.D:2023-01-25,Local:01:07 UTC:19:22,29.64,81.68,4.1,NEMRC/SC,Bajura
B.S:2079-10-10A.D:2023-01-24,Local:14:43 UTC:08:58,29.75,81.7,5.9,NEMRC/SC/DMG,Bajura
B.S:2079-7-24A.D:2022-11-09,Local:05:13 UTC:23:28,29.35,81.29,4.1,NEMRC/SC/DMG,Bajura
B.S:2079-4-2A.D:2022-07-17,Local:04:31 UTC:22:46,29.41,81.34,4.1,NEMRC/SC,Bajura
B.S:2076-10-14A.D:2020-01-28,Local:07:59 UTC:02:14,29.61,81.71,4.2,NSC/RSC,Bajura
B.S:2076-9-28A.D:2020-01-12,Local:02:07 UTC:20:22,29.59,81.73,4.2,NSC/RSC,Bajura
B.S:2076-9-27A.D:2020-01-12,Local:20:19 UTC:14:34,29.58,81.71,4.5,NSC/RSC,Bajura
B.S:2075-3-29A.D:2018-07-13,Local:08:58 UTC:03:13,29.57,81.56,4.1,RSC/NSC,Bajura
B.S:2075-2-22A.D:2018-06-05,Local:07:19 UTC:01:34,29.68,81.65,4.9,RSC/NSC ,Bajura
B.S:2073-9-19A.D:2017-01-03,Local:12:26 UTC:06:41,29.71,81.57,4,RSC/NSC,Bajura
B.S:2073-5-11A.D:2016-08-27,Local:17:48 UTC:12:03,29.81,81.56,4,RSC/NSC,Bajura
B.S:2072-9-11A.D:2015-12-26,Local:10:33 UTC:04:48,29.35,81.29,4.1,NSC,Bajura
B.S:2072-9-3A.D:2015-12-18,Local:16:01 UTC:10:16,29.44,81.69,5.5,NSC/RSC,Bajura
B.S:2072-3-22A.D:2015-07-07,Local:15:16 UTC:09:31,29.69,81.74,4.6,RSC,Bajura
B.S:2076-11-7A.D:2020-02-19,Local:21:13 UTC:15:28,29.71,81.69,4.3,NSC/RSC,Bajura/Humla
B.S:2079-5-4A.D:2022-08-19,Local:01:28 UTC:19:43,28.24,81.77,4.8,NEMRC,Banke
B.S:2079-2-28A.D:2022-06-10,Local:02:36 UTC:20:51,27.7,85.41,4.7,NEMRC,Bhaktapur
B.S:2076-3-21A.D:2019-07-06,Local:16:15 UTC:10:30,27.67,85.42,4.6,NSC,Bhaktapur
B.S:2080-5-16A.D:2023-09-01,Local:01:11 UTC:19:26,27.37,87.06,4,NEMRC/DMG,Bhojpur
B.S:2075-10-8A.D:2019-01-22,Local:22:30 UTC:16:45,27.09,86.96,4.5,NSC,Bhojpur
B.S:2077-12-23A.D:2021-04-05,Local:21:04 UTC:15:19,26.75,89.09,5.8,NEMRC,India
B.S:2079-11-29A.D:2023-03-13,Local:18:56 UTC:13:11,28.95,81.68,4.1,NEMRC/SC/DMG,Dailekh
B.S:2078-4-3A.D:2021-07-18,Local:20:59 UTC:15:14,28.98,81.47,4.3,NEMRC/SC,Dailekh
B.S:2076-1-29A.D:2019-05-11,Local:00:36 UTC:18:51,28.98,81.78,5.1,RSC/NSC,Dailekh
B.S:2075-12-18A.D:2019-04-01,Local:20:47 UTC:15:02,28.98,81.69,4.1,RSC/NSC,Dailekh
B.S:2075-6-20A.D:2018-10-06,Local:10:52 UTC:05:07,28.94,81.72,4.3,RSC/NSC,Dailekh
B.S:2075-6-19A.D:2018-10-05,Local:21:45 UTC:16:00,28.93,81.7,4,RSC/NSC,Dailekh
B.S:2075-6-19A.D:2018-10-05,Local:12:53 UTC:07:08,28.94,81.74,4,RSC/NSC,Dailekh
B.S:2075-4-2A.D:2018-07-18,Local:11:15 UTC:05:30,29.02,81.51,4.2,RSC/NSC,Dailekh
B.S:2075-2-17A.D:2018-05-31,Local:21:45 UTC:16:00,28.9,81.77,4.3,RSC/NSC,Dailekh
B.S:2074-3-31A.D:2017-07-15,Local:10:20 UTC:04:35,28.94,81.75,4,NSC/RSC,Dailekh
B.S:2080-3-5A.D:2023-06-19,Local:04:55 UTC:23:10,29.78,80.92,4,NEMRC/SC/DMG,Darchula
B.S:2079-9-7A.D:2022-12-21,Local:01:00 UTC:19:15,30,80.74,4.1,NEMRC/SC/DMG,Darchula
B.S:2079-3-26A.D:2022-07-10,Local:19:49 UTC:14:04,29.82,80.76,4.2,NEMRC/SC,Darchula
B.S:2077-9-28A.D:2021-01-12,Local:09:48 UTC:04:03,29.89,80.7,4.2,NEMRC/SC,Darchula
B.S:2074-9-13A.D:2017-12-28,Local:13:30 UTC:07:45,29.82,80.76,4.5,RSC/NSC,Darchula
B.S:2073-10-28A.D:2017-02-10,Local:16:58 UTC:11:13,29.88,80.61,4.1,NSC/RSC,Darchula
B.S:2072-6-12A.D:2015-09-29,Local:15:12 UTC:09:27,29.83,80.6,4.6,RSC,Darchula
B.S:2072-3-30A.D:2015-07-15,Local:08:14 UTC:02:29,29.8,80.73,4.1,RSC,Darchula
B.S:2076-5-30A.D:2019-09-16,Local:20:18 UTC:14:33,29.8,80.48,4.4,NSC/RSC,Darchula
B.S:2079-9-3A.D:2022-12-18,Local:22:53 UTC:17:08,28.26,85.06,4.5,NEMRC/DMG,Dhading
B.S:2077-5-24A.D:2020-09-09,Local:15:48 UTC:10:03,27.92,84.94,4,NSC,Dhading
B.S:2077-2-17A.D:2020-05-30,Local:21:36 UTC:15:51,27.85,84.93,4.8,NSC,Dhading
B.S:2076-12-12A.D:2020-03-25,Local:18:36 UTC:12:51,28.01,84.97,4,NSC,Dhading
B.S:2076-3-12A.D:2019-06-27,Local:22:21 UTC:16:36,27.95,84.8,4,NSC,Dhading
B.S:2076-2-3A.D:2019-05-17,Local:14:08 UTC:08:23,27.85,84.87,5,NSC,Dhading
B.S:2076-1-11A.D:2019-04-24,Local:06:40 UTC:00:55,27.7,85.14,4.3,NSC,Dhading
B.S:2076-1-11A.D:2019-04-24,Local:06:29 UTC:00:44,27.69,85.17,5.2,NSC,Dhading
B.S:2075-4-8A.D:2018-07-24,Local:08:30 UTC:02:45,27.75,84.87,4.8,NSC,Dhading
B.S:2075-4-1A.D:2018-07-17,Local:22:52 UTC:17:07,27.82,84.81,4.4,NSC,Dhading
B.S:2075-3-21A.D:2018-07-05,Local:07:21 UTC:01:36,28.11,85.04,4.1,NSC,Dhading
B.S:2075-3-14A.D:2018-06-28,Local:09:52 UTC:04:07,27.87,84.91,5,NSC,Dhading
B.S:2073-11-7A.D:2017-02-18,Local:06:00 UTC:00:15,27.79,84.8,4,NSC,Dhading
B.S:2073-2-12A.D:2016-05-24,Local:00:54 UTC:19:09,27.73,85.16,4.2,NSC/RSC,Dhading
B.S:2073-1-29A.D:2016-05-11,Local:07:04 UTC:01:19,28.01,84.94,4.4,NSC,Dhading
B.S:2072-11-30A.D:2016-03-13,Local:11:00 UTC:05:15,27.83,84.9,4.8,NSC,Dhading
B.S:2072-8-27A.D:2015-12-13,Local:08:45 UTC:03:00,28.04,85.02,4.1,NSC,Dhading
B.S:2072-6-5A.D:2015-09-22,Local:12:17 UTC:06:32,27.74,85.07,4.5,NSC,Dhading
B.S:2072-5-14A.D:2015-08-30,Local:03:09 UTC:21:24,27.92,84.94,4.3,NSC,Dhading
B.S:2072-3-20A.D:2015-07-04,Local:01:49 UTC:20:04,27.73,85,4.6,NSC,Dhading
B.S:2072-3-3A.D:2015-06-18,Local:08:24 UTC:02:39,28.14,85.11,4.1,NSC,Dhading
B.S:2072-2-16A.D:2015-05-30,Local:07:37 UTC:01:52,27.75,85.21,4,NSC,Dhading
B.S:2072-2-15A.D:2015-05-29,Local:18:15 UTC:12:30,28.01,84.84,4.8,NSC,Dhading
B.S:2072-2-15A.D:2015-05-29,Local:11:05 UTC:05:20,28.07,84.94,4.2,NSC,Dhading
B.S:2072-2-15A.D:2015-05-29,Local:09:29 UTC:03:44,28,84.98,5.2,NSC,Dhading
B.S:2072-2-14A.D:2015-05-28,Local:09:25 UTC:03:40,27.95,84.8,4,NSC,Dhading
B.S:2072-2-14A.D:2015-05-28,Local:08:52 UTC:03:07,27.99,84.79,4,NSC,Dhading
B.S:2072-2-7A.D:2015-05-21,Local:13:15 UTC:07:30,28.02,84.98,4,NSC,Dhading
B.S:2072-2-4A.D:2015-05-18,Local:12:12 UTC:06:27,28.11,84.88,4.1,NSC,Dhading
B.S:2072-2-1A.D:2015-05-15,Local:16:36 UTC:10:51,27.92,84.84,4,NSC,Dhading
B.S:2072-2-1A.D:2015-05-15,Local:13:12 UTC:07:27,27.93,84.84,5.5,NSC,Dhading
B.S:2072-1-30A.D:2015-05-13,Local:08:55 UTC:03:10,27.91,84.82,5.9,NSC,Dhading
B.S:2072-1-29A.D:2015-05-12,Local:17:52 UTC:12:07,28.1,84.91,4,NSC,Dhading
B.S:2072-1-22A.D:2015-05-05,Local:12:24 UTC:06:39,28.06,85.05,4,NSC,Dhading
B.S:2072-1-20A.D:2015-05-03,Local:16:31 UTC:10:46,27.94,84.83,4.5,NSC,Dhading
B.S:2072-1-21A.D:2015-05-03,Local:04:24 UTC:10:39 PM,28.05,84.94,4,NSC,Dhading
B.S:2072-1-20A.D:2015-05-03,Local:13:45 UTC:08:00,27.98,84.87,4.1,NSC,Dhading
B.S:2072-1-17A.D:2015-04-30,Local:12:07 UTC:06:22,27.93,84.83,4.7,NSC,Dhading
B.S:2072-1-16A.D:2015-04-29,Local:09:09 UTC:03:24,27.86,84.89,4.5,NSC,Dhading
B.S:2072-1-14A.D:2015-04-27,Local:17:15 UTC:11:30,28.19,85.03,4,NSC,Dhading
B.S:2072-1-12A.D:2015-04-25,Local:14:05 UTC:08:20,27.9,84.86,5.1,NSC/RSC,Dhading
B.S:2079-8-12A.D:2022-11-28,Local:10:45 UTC:05:00,26.93,87.26,4,NEMRC/DMG,Dhankuta
B.S:2075-2-10A.D:2018-05-24,Local:20:10 UTC:14:25,29.98,80.54,4.6,RSC/NSC,Darchula
B.S:2079-12-18A.D:2023-04-01,Local:11:27 UTC:05:42,27.76,86.19,5.2,NEMRC/DMG,Dolakha
B.S:2079-3-18A.D:2022-07-02,Local:15:32 UTC:09:47,27.66,86.2,4.1,NEMRC,Dolakha
B.S:2078-9-21A.D:2022-01-05,Local:16:16 UTC:10:31,27.67,86.32,4.2,NEMRC,Dolakha
B.S:2078-5-27A.D:2021-09-12,Local:20:41 UTC:14:56,27.64,86.1,4.3,NEMRC,Dolakha
B.S:2077-11-19A.D:2021-03-03,Local:18:43 UTC:12:58,27.79,86.35,4.2,NEMRC,Dolakha
B.S:2077-10-1A.D:2021-01-14,Local:17:25 UTC:11:40,27.66,86.18,4,NEMRC,Dolakha
B.S:2077-7-8A.D:2020-10-24,Local:16:17 UTC:10:32,27.62,86.24,4,NEMRC,Dolakha
B.S:2077-3-2A.D:2020-06-16,Local:09:53 UTC:04:08,27.88,86.2,4.1,NSC,Dolakha
B.S:2077-1-30A.D:2020-05-12,Local:23:53 UTC:18:08,27.65,86.15,5.3,NSC,Dolakha
B.S:2076-11-21A.D:2020-03-04,Local:19:17 UTC:13:32,27.79,86.18,4.3,NSC,Dolakha
B.S:2076-6-9A.D:2019-09-25,Local:01:18 UTC:19:33,27.71,86.32,4,NSC,Dolakha
B.S:2076-4-29A.D:2019-08-14,Local:23:09 UTC:17:24,27.69,86.26,4.3,NSC,Dolakha
B.S:2076-4-8A.D:2019-07-24,Local:17:58 UTC:12:13,27.8,86.15,4.2,NSC,Dolakha
B.S:2075-12-26A.D:2019-04-09,Local:13:05 UTC:07:20,27.76,86.27,4.2,NSC,Dolakha
B.S:2075-11-14A.D:2019-02-26,Local:16:15 UTC:10:30,27.66,86,4.4,NSC,Dolakha
B.S:2075-4-17A.D:2018-08-02,Local:14:32 UTC:08:47,27.66,86.1,4.2,NSC,Dolakha
B.S:2075-2-18A.D:2018-06-01,Local:21:07 UTC:15:22,27.68,86.11,4.3,NSC,Dolakha
B.S:2074-11-18A.D:2018-03-02,Local:10:51 UTC:05:06,27.7,86.33,4.6,NSC,Dolakha
B.S:2074-11-15A.D:2018-02-26,Local:00:45 UTC:19:00,27.7,86.33,4.7,NSC,Dolakha
B.S:2074-10-5A.D:2018-01-19,Local:08:38 UTC:02:53,27.72,86.01,4.3,NSC,Dolakha
B.S:2074-8-22A.D:2017-12-08,Local:08:36 UTC:02:51,27.63,86.19,5.2,NSC,Dolakha
B.S:2074-6-5A.D:2017-09-21,Local:13:04 UTC:07:19,27.62,86.25,4.6,NSC,Dolakha
B.S:2074-5-5A.D:2017-08-21,Local:17:48 UTC:12:03,27.66,86.27,4.6,NSC,Dolakha
B.S:2074-4-9A.D:2017-07-24,Local:10:29 UTC:04:44,27.56,85.96,4,NSC,Dolakha
B.S:2074-2-29A.D:2017-06-12,Local:17:39 UTC:11:54,27.62,86.1,4.1,NSC,Dolakha
B.S:2073-10-22A.D:2017-02-04,Local:17:58 UTC:12:13,27.73,86.08,4.4,NSC,Dolakha
B.S:2073-6-26A.D:2016-10-12,Local:14:14 UTC:08:29,27.66,85.95,4.1,NSC,Dolakha
B.S:2073-6-25A.D:2016-10-11,Local:12:53 UTC:07:08,27.67,85.95,4.6,NSC,Dolakha
B.S:2073-6-21A.D:2016-10-07,Local:10:37 UTC:04:52,27.65,86.13,4.2,NSc,Dolakha
B.S:2073-5-20A.D:2016-09-05,Local:07:49 UTC:02:04,27.78,86.35,4.5,NSC,Dolakha
B.S:2073-5-20A.D:2016-09-05,Local:06:22 UTC:00:37,27.82,86.14,4.1,NSC,Dolakha
B.S:2073-3-25A.D:2016-07-08,Local:04:08 UTC:22:23,27.84,86.16,4.1,NSC,Dolakha
B.S:2073-3-8A.D:2016-06-22,Local:18:45 UTC:13:00,27.76,86.34,4.1,NSC,Dolakha
B.S:2073-2-1A.D:2016-05-13,Local:01:09 UTC:19:24,27.69,86.24,4.1,NSC,Dolakha
B.S:2073-1-10A.D:2016-04-22,Local:12:41 UTC:06:56,27.72,86.29,4,NSC,Dolakha
B.S:2072-12-30A.D:2016-04-12,Local:20:26 UTC:14:41,27.56,86.17,4.4,NSC,Dolakha
B.S:2072-12-22A.D:2016-04-04,Local:10:16 UTC:04:31,27.72,86.09,4.7,NSC,Dolakha
B.S:2072-10-1A.D:2016-01-15,Local:22:59 UTC:17:14,27.65,86.23,4.3,NSC,Dolakha
B.S:2072-10-1A.D:2016-01-15,Local:18:50 UTC:13:05,27.63,86.25,4.1,NSC,Dolakha
B.S:2072-9-20A.D:2016-01-04,Local:18:47 UTC:13:02,27.75,86.12,4.1,NSC,Dolakha
B.S:2072-9-14A.D:2015-12-28,Local:03:52 UTC:22:07,27.7,86.12,4.2,NSC,Dolakha
B.S:2072-9-8A.D:2015-12-23,Local:08:59 UTC:03:14,27.79,86.08,4.1,NSC,Dolakha
B.S:2072-8-21A.D:2015-12-07,Local:07:27 UTC:01:42,27.86,86.19,4,NSC,Dolakha
B.S:2072-6-30A.D:2015-10-17,Local:23:46 UTC:18:01,27.8,86.3,4.2,NSC,Dolakha
B.S:2072-6-29A.D:2015-10-16,Local:14:28 UTC:08:43,27.71,86.16,4.2,NSC,Dolakha
B.S:2072-6-21A.D:2015-10-07,Local:05:15 UTC:23:30,27.68,86.08,4.2,NSC,Dolakha
B.S:2072-6-19A.D:2015-10-06,Local:17:47 UTC:12:02,27.69,86.09,4.2,NSC,Dolakha
B.S:2072-6-18A.D:2015-10-05,Local:13:21 UTC:07:36,27.71,86.1,4.2,NSC,Dolakha
B.S:2072-6-18A.D:2015-10-05,Local:13:18 UTC:07:33,27.71,86.15,4.8,NSC,Dolakha
B.S:2072-6-4A.D:2015-09-20,Local:04:05 UTC:22:20,27.76,86.37,4,NSC,Dolakha
B.S:2072-5-30A.D:2015-09-16,Local:20:37 UTC:14:52,27.6,86.19,4.2,NSC,Dolakha
B.S:2072-5-23A.D:2015-09-09,Local:18:23 UTC:12:38,27.82,86.24,4,NSC,Dolakha
B.S:2072-5-17A.D:2015-09-02,Local:04:51 UTC:23:06,27.64,86.19,4.4,NSC,Dolakha
B.S:2072-5-13A.D:2015-08-30,Local:08:26 UTC:02:41,27.66,86.23,4.1,NSC,Dolakha
B.S:2072-5-8A.D:2015-08-25,Local:15:08 UTC:09:23,27.68,86.22,4,NSC,Dolakha
B.S:2072-5-6A.D:2015-08-23,Local:14:47 UTC:09:02,27.87,86.17,5.1,NSC,Dolakha
B.S:2072-5-2A.D:2015-08-18,Local:04:08 UTC:22:23,27.93,86.14,4.8,NSC,Dolakha
B.S:2072-4-30A.D:2015-08-15,Local:23:56 UTC:18:11,27.71,86.05,4.8,NSC,Dolakha
B.S:2072-4-30A.D:2015-08-15,Local:10:10 UTC:04:25,27.87,86.08,4.1,NSC,Dolakha
B.S:2072-4-29A.D:2015-08-14,Local:18:47 UTC:13:02,27.59,85.97,4.3,NSC,Dolakha
B.S:2072-4-23A.D:2015-08-08,Local:21:25 UTC:15:40,27.69,86.26,4.1,NSC,Dolakha
B.S:2072-4-20A.D:2015-08-05,Local:17:38 UTC:11:53,27.63,86.07,4.1,NSC,Dolakha
B.S:2072-4-20A.D:2015-08-05,Local:13:59 UTC:08:14,27.64,86.07,4.3,NSC,Dolakha
B.S:2072-4-14A.D:2015-07-30,Local:20:18 UTC:14:33,27.66,86.09,4.5,NSC/RSC,Dolakha
B.S:2072-4-12A.D:2015-07-28,Local:21:23 UTC:15:38,27.59,86.17,4.1,NSC,Dolakha
B.S:2072-4-12A.D:2015-07-28,Local:18:38 UTC:12:53,27.68,86.04,4,NSC,Dolakha
B.S:2072-4-10A.D:2015-07-26,Local:09:30 UTC:03:45,27.68,86.22,4.1,NSC,Dolakha
B.S:2072-4-10A.D:2015-07-25,Local:00:05 UTC:18:20,27.61,86.28,4.3,NSC,Dolakha
B.S:2072-4-9A.D:2015-07-25,Local:20:04 UTC:14:19,27.66,86,4.5,NSC,Dolakha
B.S:2072-4-5A.D:2015-07-21,Local:08:09 UTC:02:24,27.86,86.39,4.3,NSC,Dolakha
B.S:2072-3-28A.D:2015-07-13,Local:17:39 UTC:11:54,27.63,86.09,4.2,NSC,Dolakha
B.S:2072-3-27A.D:2015-07-11,Local:02:28 UTC:20:43,27.8,86.23,4.4,NSC,Dolakha
B.S:2072-3-23A.D:2015-07-08,Local:10:19 UTC:04:34,27.6,86.23,4.1,NSC,Dolakha
B.S:2072-3-21A.D:2015-07-06,Local:10:48 UTC:05:03,27.69,86.2,4.3,NSC,Dolakha
B.S:2072-3-20A.D:2015-07-05,Local:10:07 UTC:04:22,27.67,86.2,4.2,NSC,Dolakha
B.S:2072-3-16A.D:2015-07-01,Local:09:12 UTC:03:27,27.71,86.12,4,NSC,Dolakha
B.S:2072-3-11A.D:2015-06-26,Local:18:02 UTC:12:17,27.74,86.28,4.2,NSC,Dolakha
B.S:2072-3-10A.D:2015-06-25,Local:23:49 UTC:18:04,27.66,86.21,4.1,NSC,Dolakha
B.S:2072-3-7A.D:2015-06-22,Local:13:19 UTC:07:34,27.67,86.17,4,NSC,Dolakha
B.S:2072-3-1A.D:2015-06-16,Local:21:56 UTC:16:11,27.7,86.16,4.1,NSC,Dolakha
B.S:2072-2-31A.D:2015-06-14,Local:15:01 UTC:09:16,27.74,86.26,4.1,NSC,Dolakha
B.S:2072-2-30A.D:2015-06-13,Local:07:03 UTC:01:18,27.73,86.16,5.2,NSC,Dolakha
B.S:2072-2-29A.D:2015-06-12,Local:10:19 UTC:04:34,27.67,86.09,4.4,NSC,Dolakha
B.S:2072-2-29A.D:2015-06-11,Local:00:26 UTC:18:41,27.67,86.07,4,NSC,Dolakha
B.S:2072-2-27A.D:2015-06-10,Local:14:51 UTC:09:06,27.62,86.1,4.2,NSC,Dolakha
B.S:2072-2-24A.D:2015-06-07,Local:22:35 UTC:16:50,27.87,86.13,4.1,NSC,Dolakha
B.S:2072-2-23A.D:2015-06-06,Local:22:45 UTC:17:00,27.58,86.18,4,NSC,Dolakha
B.S:2072-2-21A.D:2015-06-04,Local:16:15 UTC:10:30,27.76,86.2,4,NSC,Dolakha
B.S:2072-2-20A.D:2015-06-03,Local:17:38 UTC:11:53,27.7,86.26,4.5,NSC,Dolakha
B.S:2072-2-20A.D:2015-06-03,Local:14:39 UTC:08:54,27.76,86.07,4.2,NSC,Dolakha
B.S:2072-2-19A.D:2015-06-02,Local:10:48 UTC:05:03,27.78,86.2,4,NSC,Dolakha
B.S:2072-2-15A.D:2015-05-29,Local:18:22 UTC:12:37,27.82,86.34,4.2,NSC,Dolakha
B.S:2072-2-14A.D:2015-05-28,Local:17:59 UTC:12:14,27.59,86.16,4.1,NSC,Dolakha
B.S:2072-2-14A.D:2015-05-28,Local:17:21 UTC:11:36,27.59,86.19,4.2,NSC,Dolakha
B.S:2072-2-14A.D:2015-05-28,Local:11:14 UTC:05:29,27.77,86.25,4.2,NSC,Dolakha
B.S:2072-2-13A.D:2015-05-27,Local:17:48 UTC:12:03,27.59,86.2,4.2,NSC,Dolakha
B.S:2072-2-12A.D:2015-05-26,Local:12:24 UTC:06:39,27.71,86.05,4.1,NSC,Dolakha
B.S:2072-2-12A.D:2015-05-26,Local:11:33 UTC:05:48,27.63,86.3,4.1,NSC,Dolakha
B.S:2072-2-12A.D:2015-05-26,Local:07:56 UTC:02:11,27.84,86.24,4.3,NSC,Dolakha
B.S:2072-2-11A.D:2015-05-25,Local:16:45 UTC:11:00,27.71,86.07,4.1,NSC,Dolakha
B.S:2072-2-11A.D:2015-05-25,Local:16:01 UTC:10:16,27.74,86.19,4.4,NSC,Dolakha
B.S:2072-2-10A.D:2015-05-24,Local:18:40 UTC:12:55,27.8,86.29,4.4,NSC,Dolakha
B.S:2072-2-10A.D:2015-05-24,Local:17:00 UTC:11:15,27.76,86.26,4.3,NSC,Dolakha
B.S:2072-2-10A.D:2015-05-24,Local:16:23 UTC:10:38,27.76,86.28,4.4,NSC,Dolakha
B.S:2072-2-10A.D:2015-05-24,Local:12:51 UTC:07:06,27.67,86.18,4.2,NSC,Dolakha
B.S:2072-2-9A.D:2015-05-23,Local:06:59 UTC:01:14,27.74,86.2,4.2,NSC,Dolakha
B.S:2072-2-8A.D:2015-05-22,Local:14:29 UTC:08:44,27.69,86.16,4.1,NSC,Dolakha
B.S:2072-2-8A.D:2015-05-22,Local:11:15 UTC:05:30,27.63,86.25,4.1,NSC,Dolakha
B.S:2072-2-7A.D:2015-05-21,Local:07:56 UTC:02:11,27.85,86.32,4.2,NSC,Dolakha
B.S:2072-2-6A.D:2015-05-20,Local:16:55 UTC:11:10,27.84,86.33,4.2,NSC,Dolakha
B.S:2072-2-5A.D:2015-05-19,Local:10:19 UTC:04:34,27.66,86.03,4.3,NSC,Dolakha
B.S:2072-2-4A.D:2015-05-18,Local:17:09 UTC:11:24,27.69,86.26,4,NSC,Dolakha
B.S:2072-2-4A.D:2015-05-18,Local:14:56 UTC:09:11,27.71,86.07,4.2,NSC,Dolakha
B.S:2072-2-3A.D:2015-05-17,Local:14:25 UTC:08:40,27.84,86.24,4.4,NSC,Dolakha
B.S:2072-2-3A.D:2015-05-17,Local:10:45 UTC:05:00,27.73,86.06,4.4,NSC,Dolakha
B.S:2072-2-2A.D:2015-05-16,Local:14:29 UTC:08:44,27.64,86.14,4.3,NSC,Dolakha
B.S:2072-2-2A.D:2015-05-16,Local:11:04 UTC:05:19,27.6,86.26,5.5,NSC,Dolakha
B.S:2072-2-2A.D:2015-05-16,Local:10:23 UTC:04:38,27.66,86.09,4.1,NSC,Dolakha
B.S:2072-2-2A.D:2015-05-16,Local:10:13 UTC:04:28,27.65,86.12,4.1,NSC,Dolakha
B.S:2072-2-1A.D:2015-05-15,Local:16:43 UTC:10:58,27.74,86.17,4,NSC,Dolakha
B.S:2072-2-1A.D:2015-05-15,Local:09:51 UTC:04:06,27.69,86.08,4.3,NSC,Dolakha
B.S:2072-2-1A.D:2015-05-15,Local:09:23 UTC:03:38,27.63,86.25,4.1,NSC,Dolakha
B.S:2072-2-1A.D:2015-05-15,Local:08:54 UTC:03:09,27.61,86.2,4.5,NSC,Dolakha
B.S:2072-1-31A.D:2015-05-14,Local:18:01 UTC:12:16,27.92,86.31,4.3,NSC,Dolakha
B.S:2072-1-31A.D:2015-05-14,Local:14:51 UTC:09:06,27.83,86.15,4.5,NSC,Dolakha
B.S:2072-1-31A.D:2015-05-14,Local:14:35 UTC:08:50,27.71,86.04,4,NSC,Dolakha
B.S:2072-1-31A.D:2015-05-14,Local:13:28 UTC:07:43,27.75,86.14,4,NSC,Dolakha
B.S:2072-1-31A.D:2015-05-14,Local:09:08 UTC:03:23,27.67,86.08,5,NSC,Dolakha
B.S:2072-1-31A.D:2015-05-14,Local:09:05 UTC:03:20,27.62,86.09,4.2,NSC,Dolakha
B.S:2072-1-31A.D:2015-05-14,Local:08:58 UTC:03:13,27.66,86.07,4.1,NSC,Dolakha
B.S:2072-1-30A.D:2015-05-13,Local:18:23 UTC:12:38,27.68,86.17,5.1,NSC,Dolakha
B.S:2072-1-30A.D:2015-05-13,Local:18:19 UTC:12:34,27.84,86.25,4.6,NSC,Dolakha
B.S:2072-1-30A.D:2015-05-13,Local:18:07 UTC:12:22,27.79,86.07,4.8,NSC,Dolakha
B.S:2072-1-30A.D:2015-05-13,Local:16:18 UTC:10:33,27.79,86.19,4.6,NSC,Dolakha
B.S:2072-1-30A.D:2015-05-13,Local:15:21 UTC:09:36,27.7,86.15,4.1,NSC,Dolakha
B.S:2072-1-30A.D:2015-05-13,Local:14:13 UTC:08:28,27.75,86.25,4.4,NSC,Dolakha
B.S:2072-1-30A.D:2015-05-13,Local:13:53 UTC:08:08,27.65,86.18,4.4,NSC,Dolakha
B.S:2072-1-30A.D:2015-05-13,Local:10:29 UTC:04:44,27.63,86.17,4.5,NSC,Dolakha
B.S:2072-1-30A.D:2015-05-13,Local:10:23 UTC:04:38,27.82,86.47,4.3,NSC,Dolakha
B.S:2072-1-30A.D:2015-05-13,Local:09:22 UTC:03:37,27.85,86.29,4,NSC,Dolakha
B.S:2072-1-30A.D:2015-05-13,Local:08:15 UTC:02:30,27.6,86.16,4.3,NSC,Dolakha
B.S:2072-1-29A.D:2015-05-12,Local:20:59 UTC:3:14 PM,27.7,86.01,4.2,NSC,Dolakha
B.S:2072-1-29A.D:2015-05-12,Local:20:32 UTC:2:47 PM,27.8,86.12,4.7,NSC,Dolakha
B.S:2072-1-29A.D:2015-05-12,Local:20:09 UTC:2:24 PM,27.69,86.21,4.7,NSC,Dolakha
B.S:2072-1-29A.D:2015-05-12,Local:20:05 UTC:2:20 PM,27.68,86.23,4.7,NSC,Dolakha
B.S:2072-1-29A.D:2015-05-12,Local:19:54 UTC:2:09 PM,27.79,86.11,5,NSC,Dolakha
B.S:2072-1-29A.D:2015-05-12,Local:19:51 UTC:2:06 PM,27.66,86.17,5.2,NSC,Dolakha
B.S:2072-1-29A.D:2015-05-12,Local:16:02 UTC:10:17,27.68,86.04,4.2,NSC,Dolakha
B.S:2072-1-29A.D:2015-05-12,Local:13:27 UTC:07:42,27.84,86.23,4.4,NSC,Dolakha
B.S:2072-1-29A.D:2015-05-12,Local:13:21 UTC:07:36,27.73,86.21,6.2,NSC/RSC,Dolakha
B.S:2072-1-29A.D:2015-05-12,Local:12:50 UTC:07:05,27.82,86.12,6.8,NSC/RSC,Dolakha
B.S:2072-1-29A.D:2015-05-12,Local:12:38 UTC:06:53,27.72,85.97,4,NSC,Dolakha
B.S:2072-1-29A.D:2015-05-12,Local:11:58 UTC:06:13,27.7,86.04,4.7,NSC,Dolakha
B.S:2072-1-29A.D:2015-05-12,Local:11:28 UTC:05:43,27.71,86,4.3,NSC,Dolakha
B.S:2072-1-29A.D:2015-05-12,Local:10:51 UTC:05:06,27.72,86.2,4.6,NSC,Dolakha
B.S:2072-1-29A.D:2015-05-12,Local:10:36 UTC:04:51,27.62,86.16,4.7,NSC,Dolakha
B.S:2072-1-29A.D:2015-05-12,Local:10:11 UTC:04:26,27.76,86.24,4.4,NSC,Dolakha
B.S:2072-1-29A.D:2015-05-12,Local:10:05 UTC:04:20,27.73,86.11,5,NSC,Dolakha
B.S:2072-1-29A.D:2015-05-12,Local:10:01 UTC:04:16,27.69,86.05,4.2,NSC,Dolakha
B.S:2072-1-29A.D:2015-05-12,Local:09:34 UTC:03:49,27.68,86.03,4.4,NSC,Dolakha
B.S:2072-1-29A.D:2015-05-12,Local:08:29 UTC:02:44,27.76,86.31,5.3,NSC,Dolakha
B.S:2072-1-29A.D:2015-05-12,Local:07:31 UTC:01:46,27.68,86.04,4.3,NSC,Dolakha
B.S:2072-1-29A.D:2015-05-12,Local:07:18 UTC:01:33,27.63,86.17,4.8,NSC,Dolakha
B.S:2072-1-29A.D:2015-05-12,Local:07:13 UTC:01:28,27.69,86.24,5,NSC,Dolakha
B.S:2072-1-29A.D:2015-05-12,Local:06:47 UTC:01:02,27.84,86.17,5.8,NSC,Dolakha
B.S:2072-1-25A.D:2015-05-08,Local:12:02 UTC:06:17,27.69,86.04,5,NSC,Dolakha
B.S:2072-1-22A.D:2015-05-05,Local:10:08 UTC:04:23,27.74,86.03,4.3,NSC,Dolakha
B.S:2072-1-21A.D:2015-05-04,Local:12:45 UTC:07:00,27.69,85.99,4.3,NSC,Dolakha
B.S:2072-1-21A.D:2015-05-04,Local:11:47 UTC:06:02,27.74,86,4.2,NSC,Dolakha
B.S:2072-1-21A.D:2015-05-04,Local:08:19 UTC:02:34,27.79,86.23,4.7,NSC,Dolakha
B.S:2072-1-19A.D:2015-05-02,Local:14:46 UTC:09:01,27.66,86.01,4.1,NSC,Dolakha
B.S:2072-1-19A.D:2015-05-02,Local:11:40 UTC:05:55,27.74,86.28,4.3,NSC,Dolakha
B.S:2072-1-18A.D:2015-05-01,Local:18:43 UTC:12:58,27.7,85.98,4.2,NSC,Dolakha
B.S:2072-1-18A.D:2015-05-01,Local:11:22 UTC:05:37,27.74,85.99,4,NSC,Dolakha
B.S:2072-1-17A.D:2015-04-30,Local:07:14 UTC:01:29,27.65,86.09,4.1,NSC,Dolakha
B.S:2072-1-15A.D:2015-04-28,Local:13:30 UTC:07:45,27.81,86.09,4.2,NSC,Dolakha
B.S:2072-1-13A.D:2015-04-26,Local:16:27 UTC:10:42,27.83,86.06,4,NSC,Dolakha
B.S:2072-1-13A.D:2015-04-26,Local:15:32 UTC:09:47,27.65,85.97,4,NSC,Dolakha
B.S:2072-1-13A.D:2015-04-26,Local:12:54 UTC:07:09,27.84,86.05,6.9,NSC,Dolakha
B.S:2072-1-13A.D:2015-04-26,Local:12:53 UTC:07:08,27.68,85.95,4,NSC,Dolakha
B.S:2072-1-13A.D:2015-04-26,Local:11:11 UTC:05:26,27.67,86.07,4.5,NSC,Dolakha
B.S:2072-1-12A.D:2015-04-25,Local:18:24 UTC:12:39,27.82,86.05,4.5,NSC,Dolakha
B.S:2072-1-12A.D:2015-04-25,Local:14:06 UTC:08:21,27.6,86.09,4.5,NSC,Dolakha
B.S:2072-1-12A.D:2015-04-25,Local:13:06 UTC:07:21,27.69,86.02,4.9,NSC,Dolakha
B.S:2079-9-8A.D:2022-12-23,Local:07:15 UTC:01:30,29.1,83.3,4.6,NEMRC/SC/DMG,Dolpa
B.S:2079-7-23A.D:2022-11-08,Local:02:12 UTC:20:27,29.38,81.13,6.6,NEMRC/SC/DMG,Doti
B.S:2079-7-22A.D:2022-11-08,Local:21:56 UTC:16:11,29.38,81.11,4.1,NEMRC/SC,Doti
B.S:2079-7-22A.D:2022-11-08,Local:21:07 UTC:15:22,29.38,81.11,5.7,NEMRS/SC,Doti
B.S:2075-6-4A.D:2018-09-19,Local:01:42 UTC:19:57,28.57,82.88,4,NSC,East Rukum
B.S:2079-12-28A.D:2023-04-11,Local:18:50 UTC:13:05,28.17,84.74,4.1,NEMRC/DMG,Gorkha
B.S:2079-12-18A.D:2023-03-31,Local:03:19 UTC:21:34,28.12,84.9,4.1,NEMRC/DMG,Gorkha
B.S:2079-3-9A.D:2022-06-23,Local:07:22 UTC:01:37,28.1,84.81,4.1,NEMRC,Gorkha
B.S:2078-10-12A.D:2022-01-26,Local:16:54 UTC:11:09,27.9,84.57,4.1,NEMRC,Gorkha
B.S:2078-6-31A.D:2021-10-16,Local:04:09 UTC:22:24,28.18,84.93,4.3,NEMRC,Gorkha
B.S:2076-6-4A.D:2019-09-21,Local:06:19 UTC:00:34,28.15,84.61,4,NSC,Gorkha
B.S:2076-1-3A.D:2019-04-16,Local:12:35 UTC:06:50,28,84.76,4.5,NSC,Gorkha
B.S:2075-2-18A.D:2018-05-31,Local:02:17 UTC:20:32,28.17,84.89,4.1,NSC,Gorkha
B.S:2073-4-8A.D:2016-07-23,Local:11:59 UTC:06:14,27.99,84.71,4.1,NSC,Gorkha
B.S:2073-3-1A.D:2016-06-14,Local:05:12 UTC:23:27,28.03,84.64,4.3,NSC,Gorkha
B.S:2073-1-29A.D:2016-05-11,Local:14:37 UTC:08:52,28.01,84.68,4.5,NSC,Gorkha
B.S:2072-11-9A.D:2016-02-21,Local:23:54 UTC:18:09,28.08,84.76,5.5,NSC,Gorkha
B.S:2072-8-8A.D:2015-11-24,Local:18:09 UTC:12:24,28.15,84.81,4.4,NSC,Gorkha
B.S:2072-5-10A.D:2015-08-27,Local:06:07 UTC:00:22,28.12,84.89,4.1,NSC,Gorkha
B.S:2072-4-26A.D:2015-08-10,Local:04:15 UTC:22:30,28.14,84.72,4.9,NSC,Gorkha
B.S:2072-4-2A.D:2015-07-17,Local:05:09 UTC:23:24,28.18,84.74,4,NSC,Gorkha
B.S:2072-3-6A.D:2015-06-20,Local:02:40 UTC:20:55,28.17,84.94,4.2,NSC,Gorkha
B.S:2072-3-5A.D:2015-06-19,Local:01:50 UTC:20:05,28.26,84.92,4,NSC,Gorkha
B.S:2072-2-30A.D:2015-06-12,Local:01:22 UTC:19:37,28.21,84.81,4.6,NSC,Gorkha
B.S:2072-2-15A.D:2015-05-29,Local:14:15 UTC:08:30,28.17,84.72,4,NSC,Gorkha
B.S:2072-2-11A.D:2015-05-25,Local:09:08 UTC:03:23,28.01,84.68,5,NSC,Gorkha
B.S:2072-2-2A.D:2015-05-16,Local:12:16 UTC:06:31,28.13,84.89,4,NSC,Gorkha
B.S:2072-2-2A.D:2015-05-16,Local:08:00 UTC:02:15,28.07,84.7,4,NSC,Gorkha
B.S:2072-1-29A.D:2015-05-12,Local:07:53 UTC:02:08,28.16,84.9,4.1,NSC,Gorkha
B.S:2072-1-23A.D:2015-05-06,Local:11:47 UTC:06:02,28.01,84.68,4.2,NSC,Gorkha
B.S:2072-1-21A.D:2015-05-04,Local:07:02 UTC:01:17,28.12,84.8,4,NSC,Gorkha
B.S:2072-1-20A.D:2015-05-03,Local:11:32 UTC:05:47,28.08,85.04,4,NSC,Gorkha
B.S:2072-1-19A.D:2015-05-02,Local:17:05 UTC:11:20,28.24,84.76,5.1,NSC,Gorkha
B.S:2072-1-16A.D:2015-04-29,Local:16:46 UTC:11:01,28.19,84.8,4.4,NSC,Gorkha
B.S:2072-1-15A.D:2015-04-28,Local:18:29 UTC:12:44,28.29,84.93,4.8,NSC,Gorkha
B.S:2072-1-15A.D:2015-04-28,Local:15:52 UTC:10:07,28.2,84.78,4,NSC,Gorkha
B.S:2072-1-15A.D:2015-04-28,Local:09:56 UTC:04:11,28.1,84.65,4.2,NSC,Gorkha
B.S:2072-1-13A.D:2015-04-26,Local:16:28 UTC:10:43,28.26,85.02,4.8,NSC,Gorkha
B.S:2072-1-13A.D:2015-04-26,Local:14:28 UTC:08:43,28.32,84.73,4.5,NSC,Gorkha
B.S:2072-1-13A.D:2015-04-26,Local:14:27 UTC:08:42,28.31,84.97,4.5,NSC,Gorkha
B.S:2072-1-13A.D:2015-04-26,Local:08:34 UTC:02:49,27.98,84.99,4,NSC,Gorkha
B.S:2072-1-13A.D:2015-04-26,Local:07:59 UTC:02:14,28.24,84.82,4.3,NSC,Gorkha
B.S:2072-1-13A.D:2015-04-26,Local:07:37 UTC:01:52,28.14,84.71,4.2,NSC,Gorkha
B.S:2072-1-12A.D:2015-04-25,Local:18:29 UTC:12:44,28.16,84.71,5.5,NSC/RSC,Gorkha
B.S:2072-1-12A.D:2015-04-25,Local:14:14 UTC:08:29,28.18,84.95,5.2,NSC/RSC,Gorkha
B.S:2072-1-12A.D:2015-04-25,Local:12:30 UTC:06:45,28.28,84.72,6.6,NSC/RSC,Gorkha
B.S:2072-1-12A.D:2015-04-25,Local:11:56 UTC:06:11,28.24,84.75,7.6,NSC/RSC,Gorkha
B.S:2073-1-23A.D:2016-05-05,Local:10:31 UTC:04:46,28.24,84.99,4.1,NSC,Gorkha/Dhading
B.S:2076-6-9A.D:2019-09-26,Local:18:49 UTC:13:04,28.28,84.65,4.7,NSC,Gorkha/Lamjung border
B.S:2080-3-28A.D:2023-07-13,Local:11:17 UTC:05:32,29.75,81.78,4.6,NEMRC/SC/DMG,Humla
B.S:2080-1-18A.D:2023-05-01,Local:14:35 UTC:08:50,29.89,81.93,4,NEMRC/SC/DMG,Humla
B.S:2076-5-29A.D:2019-09-15,Local:10:54 UTC:05:09,30.3,81.74,5,RSC/NSC,Humla
B.S:2073-11-27A.D:2017-03-10,Local:07:28 UTC:01:43,30.37,81.57,4.1,RSC/NSC,Humla
B.S:2072-11-24A.D:2016-03-07,Local:13:50 UTC:08:05,30.22,81.7,4.4,NSC/RSC,Humla
B.S:2072-5-9A.D:2015-08-26,Local:13:31 UTC:07:46,30.11,81.53,4.1,RSC,Humla
B.S:2072-4-24A.D:2015-08-09,Local:12:21 UTC:06:36,30.1,81.85,4,RSC/NSC,Humla
B.S:2072-2-19A.D:2015-06-02,Local:14:18 UTC:08:33,30,81.75,4.7,NSC/RSC,Humla
B.S:2072-2-8A.D:2015-05-22,Local:12:52 UTC:07:07,30.31,81.47,4.8,NSC,Humla
B.S:2077-2-13A.D:2020-05-26,Local:16:00 UTC:10:15,29.73,82.01,4.2,NSC/RSC,Humla/Mugu
B.S:2079-11-16A.D:2023-02-28,Local:10:03 UTC:04:18,27.08,87.96,4.3,NEMRC/DMG,Illam
B.S:2076-7-26A.D:2019-11-12,Local:07:45 UTC:02:00,30.2,80.1,4.6,NSC/RSC,India
B.S:2076-2-32A.D:2019-06-15,Local:21:32 UTC:15:47,28.95,81.98,4.5,NSC/RSC,Jajarkot
B.S:2072-1-9A.D:2015-04-22,Local:12:59 UTC:07:14,28.8,81.92,4.5,NSC,Jajarkot
B.S:2072-1-9A.D:2015-04-21,Local:01:37 UTC:19:52,28.85,82.18,5.1,NSC,Jajarkot
B.S:2079-1-21A.D:2022-05-04,Local:09:57 UTC:04:12,29.35,82.04,4.1,NEMRC/SC,Jumla
B.S:2072-1-12A.D:2015-04-25,Local:14:40 UTC:08:55,27.65,85.63,5.7,NSC/RSC,Kabre
B.S:2073-1-22A.D:2016-05-04,Local:11:17 UTC:05:32,29.38,81.88,4,RSC/NSC,Kalikot
B.S:2080-4-3A.D:2023-07-19,Local:09:53 UTC:04:08,28.43,83.99,4,NEMRC/DMG,Kaski
B.S:2079-3-9A.D:2022-06-22,Local:03:56 UTC:22:11,28.33,83.86,4.9,NEMRC,Kaski
B.S:2076-12-2A.D:2020-03-15,Local:20:45 UTC:15:00,28.34,83.8,5,NSC,Kaski
B.S:2072-1-10A.D:2015-04-23,Local:07:42 UTC:01:57,28.4,83.99,4.1,NSC,Kaski
B.S:2075-11-4A.D:2019-02-16,Local:20:34 UTC:14:49,27.68,85.27,4,NSC,Kathmandu
B.S:2072-8-14A.D:2015-11-30,Local:06:10 UTC:00:25,27.78,85.39,4.1,NSC,Kathmandu
B.S:2072-4-29A.D:2015-08-13,Local:01:49 UTC:20:04,27.72,85.2,4,NSC,Kathmandu
B.S:2072-4-26A.D:2015-08-11,Local:10:42 UTC:04:57,27.7,85.29,4.3,NSC,Kathmandu
B.S:2072-4-6A.D:2015-07-22,Local:22:14 UTC:16:29,27.7,85.32,4.6,NSC/RSC,Kathmandu
B.S:2072-3-2A.D:2015-06-17,Local:05:58 UTC:00:13,27.68,85.28,4.4,NSC,Kathmandu
B.S:2072-2-22A.D:2015-06-05,Local:14:16 UTC:08:31,27.7,85.22,4,NSC,Kathmandu
B.S:2072-2-14A.D:2015-05-28,Local:10:57 UTC:05:12,27.64,85.31,4,NSC,Kathmandu
B.S:2072-1-30A.D:2015-05-13,Local:07:52 UTC:02:07,27.68,85.3,4.2,NSC,Kathmandu
B.S:2072-1-18A.D:2015-05-01,Local:08:41 UTC:02:56,27.68,85.3,4,NSC,Kathmandu
B.S:2072-1-14A.D:2015-04-27,Local:09:22 UTC:3:37 AM,27.75,85.2,4.1,NSC,Kathmandu
B.S:2072-1-14A.D:2015-04-27,Local:15:21 UTC:09:36,27.67,85.29,4.5,NSC,Kathmandu
B.S:2072-1-13A.D:2015-04-26,Local:18:28 UTC:12:43,27.71,85.43,4.6,NSC,Kathmandu
B.S:2072-1-13A.D:2015-04-26,Local:15:53 UTC:10:08,27.67,85.3,4,NSC,Kathmandu
B.S:2072-1-13A.D:2015-04-26,Local:11:45 UTC:06:00,27.67,85.28,4,NSC,Kathmandu
B.S:2072-1-13A.D:2015-04-26,Local:11:10 UTC:05:25,27.69,85.25,4,NSC,Kathmandu
B.S:2072-1-13A.D:2015-04-25,Local:01:32 UTC:19:47,27.68,85.32,4.1,NSC,Kathmandu
B.S:2072-4-22A.D:2015-08-07,Local:11:57 UTC:06:12,27.5,85.5,4.4,NSC,Kavre
B.S:2072-3-18A.D:2015-07-02,Local:05:26 UTC:23:41,27.67,85.54,4.1,NSC,Kavre
B.S:2072-3-16A.D:2015-06-30,Local:03:31 UTC:21:46,27.55,85.79,4.4,NSC,Kavre
B.S:2072-1-27A.D:2015-05-10,Local:09:08 UTC:03:23,27.65,85.56,4.2,NSC,kavre
B.S:2072-1-13A.D:2015-04-26,Local:14:51 UTC:09:06,27.64,85.63,5,NSC,Kavre
B.S:2079-11-21A.D:2023-03-05,Local:08:03 UTC:02:18,27.57,85.59,4.3,NEMRC/DMG,Kavrepalanchowk
B.S:2077-12-5A.D:2021-03-18,Local:10:05 UTC:04:20,27.5,85.63,4.1,NEMRC,Kavrepalanchowk
B.S:2072-8-11A.D:2015-11-27,Local:15:23 UTC:09:38,27.63,85.53,4.1,NSC,Kavrepalanchowk
B.S:2072-1-30A.D:2015-05-13,Local:15:06 UTC:09:21,27.64,85.7,4,NSC,Kavrepalanchowk
B.S:2072-1-14A.D:2015-04-27,Local:14:03 UTC:08:18,27.67,85.55,4.2,NSC,Kavrepalanchowk
B.S:2072-1-14A.D:2015-04-27,Local:10:02 UTC:04:17,27.57,85.74,4.5,NSC,Kavrepalanchowk
B.S:2072-1-14A.D:2015-04-27,Local:10:00 UTC:04:15,27.56,85.73,4.2,NSC,Kavrepalanchowk
B.S:2078-6-4A.D:2021-09-20,Local:16:30 UTC:10:45,29.89,80.59,4.2,NEMRC/SC,"Kharra, Darchula"
B.S:2079-4-15A.D:2022-07-31,Local:08:13 UTC:02:28,27.16,86.83,6,NEMRC,khotang
B.S:2078-4-8A.D:2021-07-23,Local:18:57 UTC:13:12,27.28,86.9,4.2,NEMRC,Khotang
B.S:2072-12-27A.D:2016-04-09,Local:19:05 UTC:13:20,27.65,85.31,4.5,NSC,Lalitpur
B.S:2072-6-21A.D:2015-10-08,Local:13:00 UTC:07:15,27.57,85.31,4,NSC,Lalitpur
B.S:2072-3-11A.D:2015-06-26,Local:14:45 UTC:09:00,27.58,85.39,4.1,NSC,Lalitpur
B.S:2072-2-12A.D:2015-05-26,Local:13:45 UTC:08:00,27.54,85.43,4.3,NSC,Lalitpur
B.S:2072-2-2A.D:2015-05-16,Local:15:20 UTC:09:35,27.45,85.31,4.2,NSC,Lalitpur
B.S:2072-2-6A.D:2015-05-20,Local:08:32 UTC:02:47,27.52,85.26,4.4,NSC,Lalitpur
B.S:2080-3-8A.D:2023-06-23,Local:05:55 UTC:00:10,28.15,84.54,4,NEMRC/DMG,Lamjung
B.S:2078-7-8A.D:2021-10-25,Local:20:30 UTC:14:45,28.29,84.36,4.1,NEMRC,Lamjung
B.S:2078-3-23A.D:2021-07-07,Local:15:57 UTC:10:12,28.13,84.56,4.2,NEMRC,Lamjung
B.S:2078-2-5A.D:2021-05-19,Local:22:39 UTC:16:54,28.24,84.41,4.5,NEMRC,Lamjung
B.S:2078-2-5A.D:2021-05-19,Local:21:23 UTC:15:38,28.27,84.42,4,NEMRC,Lamjung
B.S:2078-2-5A.D:2021-05-19,Local:08:26 UTC:02:41,28.27,84.4,5.3,NEMRC,Lamjung
B.S:2078-2-5A.D:2021-05-19,Local:08:17 UTC:02:32,28.26,84.36,4.1,NEMRC,Lamjung
B.S:2078-2-5A.D:2021-05-19,Local:08:16 UTC:02:31,28.26,84.35,4,NEMRC,Lamjung
B.S:2078-2-5A.D:2021-05-18,Local:05:42 UTC:23:57,28.28,84.39,5.8,NEMRC,Lamjung
B.S:2076-6-5A.D:2019-09-22,Local:22:01 UTC:16:16,28.25,84.49,4.4,NSC,Lamjung
B.S:2076-5-31A.D:2019-09-17,Local:09:53 UTC:04:08,28.21,84.49,4.5,NSC,Lamjung
B.S:2076-2-7A.D:2019-05-21,Local:23:47 UTC:18:02,28.21,84.37,4.1,NSC,Lamjung
B.S:2073-3-23A.D:2016-07-07,Local:14:44 UTC:08:59,28.31,84.35,4.3,NSC/RSC,Lamjung
B.S:2072-2-17A.D:2015-05-31,Local:07:39 UTC:01:54,28.29,84.46,4.2,NSC,Lamjung
B.S:2075-12-4A.D:2019-03-18,Local:09:01 UTC:03:16,27.63,85.16,4.1,NSC,Makawanpur
B.S:2077-10-20A.D:2021-02-02,Local:21:59 UTC:16:14,28.78,84.1,5.3,NEMRC,Manang
B.S:2079-12-10A.D:2023-03-24,Local:09:51 UTC:04:06,29.64,81.89,4.5,NEMRC/SC/DMG,Mugu
B.S:2076-7-11A.D:2019-10-28,Local:19:27 UTC:13:42,29.66,82.04,4.1,NSC/RSC,Mugu
B.S:2076-2-16A.D:2019-05-30,Local:10:01 UTC:04:16,29.62,82.11,4.6,RSC/NSC,Mugu
B.S:2076-4-24A.D:2019-08-09,Local:18:26 UTC:12:41,28.5,83.22,4.7,NSC,Myagdi
B.S:2074-6-29A.D:2017-10-15,Local:17:02 UTC:11:17,28.5,83.32,4.2,NSC,Myagdi
B.S:2072-8-6A.D:2015-11-22,Local:07:11 UTC:01:26,28.43,83.3,4.1,NSC/RSC,Myagdi
B.S:2077-5-26A.D:2020-09-11,Local:09:30 UTC:03:45,26.76,88.21,5,NEMRC,Nepal India  Border
B.S:2072-1-12A.D:2015-04-25,Local:16:08 UTC:10:23,27.87,85.8,4.1,NSC,Sindhupalchowk
B.S:2079-4-21A.D:2022-08-05,Local:05:26 UTC:23:41,27.83,85.15,5.3,NEMRC/SC,Nuwakot
B.S:2073-7-1A.D:2016-10-17,Local:10:03 UTC:04:18,27.87,85.3,4,NSC,Nuwakot
B.S:2073-3-7A.D:2016-06-21,Local:11:34 UTC:05:49,27.93,85.21,4.4,NSC,Nuwakot
B.S:2073-1-13A.D:2016-04-24,Local:02:16 UTC:20:31,28.08,85.13,4.2,NSC,Nuwakot
B.S:2072-11-9A.D:2016-02-20,Local:03:54 UTC:22:09,27.86,85.29,4.1,NSC,Nuwakot
B.S:2072-10-9A.D:2016-01-22,Local:01:07 UTC:19:22,28.06,85.09,4.6,NSC,Nuwakot
B.S:2072-8-8A.D:2015-11-24,Local:17:00 UTC:11:15,27.87,85.29,4,NSC,Nuwakot
B.S:2072-5-4A.D:2015-08-21,Local:12:21 UTC:06:36,27.96,85.48,4,NSC,Nuwakot
B.S:2072-4-11A.D:2015-07-27,Local:18:23 UTC:12:38,27.94,85.48,4.2,NSC,Nuwakot
B.S:2072-3-16A.D:2015-07-01,Local:15:24 UTC:09:39,28.06,85.14,4,NSC,Nuwakot
B.S:2072-3-10A.D:2015-06-25,Local:21:07 UTC:15:22,27.78,85.17,4.3,NSC,Nuwakot
B.S:2072-2-31A.D:2015-06-14,Local:05:59 UTC:00:14,27.8,85.15,4.2,NSC,Nuwakot
B.S:2072-2-16A.D:2015-05-30,Local:15:58 UTC:10:13,27.79,85.17,4.5,NSC,Nuwakot
B.S:2072-2-13A.D:2015-05-27,Local:16:14 UTC:10:29,28.04,85.13,4.2,NSC,Nuwakot
B.S:2072-2-8A.D:2015-05-22,Local:10:29 UTC:04:44,28.05,85.08,4.8,NSC,Nuwakot
B.S:2072-2-8A.D:2015-05-22,Local:08:30 UTC:02:45,27.79,85.14,4.2,NSC,Nuwakot
B.S:2072-2-7A.D:2015-05-21,Local:08:41 UTC:02:56,27.93,85.46,4,NSC,Nuwakot
B.S:2072-2-2A.D:2015-05-16,Local:11:56 UTC:06:11,27.97,85.48,4,NSC,Nuwakot
B.S:2072-1-25A.D:2015-05-08,Local:08:50 UTC:03:05,28.01,85.41,4.2,NSC,Nuwakot
B.S:2072-1-24A.D:2015-05-07,Local:16:00 UTC:10:15,27.92,85.46,4,NSC,Nuwakot
B.S:2072-1-24A.D:2015-05-07,Local:13:41 UTC:07:56,27.79,85.16,4,NSC,Nuwakot
B.S:2072-1-24A.D:2015-05-07,Local:09:26 UTC:03:41,27.75,85.19,4.2,NSC,Nuwakot
B.S:2072-1-21A.D:2015-05-04,Local:16:21 UTC:10:36,27.8,85.16,4.1,NSC,Nuwakot
B.S:2072-1-21A.D:2015-05-04,Local:16:18 UTC:10:33,27.79,85.16,4,NSC,Nuwakot
B.S:2072-1-21A.D:2015-05-04,Local:15:39 UTC:09:54,27.97,85.21,4.2,NSC,Nuwakot
B.S:2072-1-20A.D:2015-05-03,Local:11:05 UTC:05:20,27.8,85.11,4.9,NSC,Nuwakot
B.S:2072-1-16A.D:2015-04-29,Local:11:39 UTC:05:54,27.79,85.14,4.2,NSC,Nuwakot
B.S:2072-1-16A.D:2015-04-29,Local:07:02 UTC:01:17,28.04,85.37,4,NSC,Nuwakot
B.S:2072-1-15A.D:2015-04-28,Local:10:29 UTC:04:44,27.78,85.17,4,NSC,Nuwakot
B.S:2072-1-14A.D:2015-04-27,Local:12:09 UTC:06:24,27.77,85.12,4.7,NSC,Nuwakot
B.S:2072-1-14A.D:2015-04-27,Local:09:02 UTC:03:17,27.8,85.12,4,NSC,Nuwakot
B.S:2072-1-13A.D:2015-04-26,Local:14:40 UTC:08:55,27.8,85.16,5.1,NSC,Nuwakot
B.S:2072-1-13A.D:2015-04-26,Local:14:02 UTC:08:17,27.79,85.15,4,NSC,Nuwakot
B.S:2072-1-13A.D:2015-04-26,Local:12:01 UTC:06:16,27.84,85.12,4,NSC,Nuwakot
B.S:2072-1-13A.D:2015-04-26,Local:10:46 UTC:05:01,27.99,85.02,5.5,NSC,Nuwakot
B.S:2072-1-13A.D:2015-04-25,Local:05:10 UTC:23:25,27.78,85.17,4,NSC,Nuwakot
B.S:2072-1-13A.D:2015-04-25,Local:04:16 UTC:22:31,27.8,85.29,4,NSC,Nuwakot
B.S:2072-1-12A.D:2015-04-25,Local:19:38 UTC:13:53,27.79,85.16,4.1,NSC/RSC,Nuwakot
B.S:2072-1-12A.D:2015-04-25,Local:18:02 UTC:12:17,28,85.4,4.9,NSC/RSC,Nuwakot
B.S:2072-1-12A.D:2015-04-25,Local:14:48 UTC:09:03,27.91,85.33,5.3,NSC/RSC,Nuwakot
B.S:2074-3-18A.D:2017-07-02,Local:07:43 UTC:01:58,27.34,86.49,5.1,NSC,Okhaldhunga
B.S:2072-12-4A.D:2016-03-17,Local:10:59 UTC:05:14,27.34,86.27,4,NSC,Okhaldhunga
B.S:2072-8-11A.D:2015-11-27,Local:16:22 UTC:10:37,27.11,87.95,4.6,NSC,Panchthar
B.S:2073-8-14A.D:2016-11-28,Local:05:20 UTC:23:35,27.79,86.58,5.6,NSC/RSC,Ramechap/Solukhumbu
B.S:2077-9-15A.D:2020-12-29,Local:01:49 UTC:20:04,27.66,86.34,4.6,NEMRC,Ramechhap
B.S:2076-2-11A.D:2019-05-25,Local:11:02 UTC:05:17,27.7,86.47,4.9,NSC,Ramechhap
B.S:2075-9-26A.D:2019-01-10,Local:11:34 UTC:05:49,27.6,86.31,4.5,NSC,Ramechhap
B.S:2074-3-15A.D:2017-06-28,Local:00:09 UTC:18:24,27.66,86.41,4.2,NSC,Ramechhap
B.S:2073-11-16A.D:2017-02-27,Local:10:06 UTC:04:21,27.38,86.13,4.7,NSC,Ramechhap
B.S:2073-11-16A.D:2017-02-27,Local:09:22 UTC:03:37,27.36,86.12,4.6,NSC,Ramechhap
B.S:2072-9-25A.D:2016-01-09,Local:23:28 UTC:17:43,27.48,86.01,4.4,NSC,Ramechhap
B.S:2072-3-15A.D:2015-06-29,Local:05:42 UTC:23:57,27.35,86.2,5,NSC,Ramechhap
B.S:2072-2-3A.D:2015-05-17,Local:17:15 UTC:11:30,27.48,85.87,4.6,NSC,Ramechhap
B.S:2072-1-29A.D:2015-05-12,Local:16:58 UTC:11:13,27.58,86.41,4.3,NSC,Ramechhap
B.S:2072-1-29A.D:2015-05-12,Local:09:45 UTC:04:00,27.57,86.29,4.8,NSC,Ramechhap
B.S:2075-12-30A.D:2019-04-13,Local:10:25 UTC:04:40,28.03,85.38,4.6,NSC,Rasuwa
B.S:2073-6-29A.D:2016-10-15,Local:18:22 UTC:12:37,28.04,85.17,4.1,NSC,Rasuwa
B.S:2073-1-14A.D:2016-04-26,Local:15:18 UTC:09:33,28.05,85.38,4.3,NSC,Rasuwa
B.S:2072-8-1A.D:2015-11-17,Local:18:55 UTC:13:10,28.02,85.28,4.3,NSC,Rasuwa
B.S:2072-7-14A.D:2015-10-31,Local:09:28 UTC:03:43,28.03,85.23,4.3,NSC,Rasuwa
B.S:2072-5-3A.D:2015-08-20,Local:11:47 UTC:06:02,28,85.29,4.6,NSC,Rasuwa
B.S:2072-3-28A.D:2015-07-13,Local:16:01 UTC:10:16,28.06,85.34,4,NSC,Rasuwa
B.S:2072-2-16A.D:2015-05-30,Local:14:20 UTC:08:35,28.01,85.19,4,NSC,Rasuwa
B.S:2072-2-12A.D:2015-05-26,Local:16:37 UTC:10:52,28.02,85.26,5,NSC,Rasuwa
B.S:2072-1-31A.D:2015-05-14,Local:14:06 UTC:08:21,28.06,85.35,4.5,NSC,Rasuwa
B.S:2072-1-27A.D:2015-05-10,Local:16:53 UTC:11:08,28.02,85.25,4,NSC,Rasuwa
B.S:2072-1-26A.D:2015-05-09,Local:08:53 UTC:03:08,28.04,85.2,4.1,NSC,Rasuwa
B.S:2072-1-23A.D:2015-05-06,Local:16:04 UTC:10:19,28.04,85.26,4,NSC,Rasuwa
B.S:2072-1-18A.D:2015-05-01,Local:17:44 UTC:11:59,28.04,85.32,4,NSC,Rasuwa
B.S:2072-1-18A.D:2015-05-01,Local:17:13 UTC:11:28,28.04,85.33,4.5,NSC,Rasuwa
B.S:2072-1-17A.D:2015-04-30,Local:14:16 UTC:08:31,28.05,85.34,4.7,NSC,Rasuwa
B.S:2072-1-14A.D:2015-04-27,Local:06:24 UTC:12:39 AM,28.26,85.1,4.5,NSC,Rasuwa
B.S:2072-1-14A.D:2015-04-27,Local:15:44 UTC:09:59,28.24,85.23,4.3,NSC,Rasuwa
B.S:2072-1-13A.D:2015-04-26,Local:11:17 UTC:05:32,28.05,85.34,4,NSC,Rasuwa
B.S:2072-1-13A.D:2015-04-26,Local:07:53 UTC:02:08,28.25,85.83,4,NSC,Rasuwa
B.S:2072-1-13A.D:2015-04-26,Local:07:34 UTC:01:49,28.05,85.35,4,NSC,Rasuwa
B.S:2072-1-12A.D:2015-04-25,Local:21:13 UTC:3:28 PM,28.29,85.16,4.6,NSC/RSC,Rasuwa
B.S:2072-1-13A.D:2015-04-25,Local:05:25 UTC:23:40,28.1,85.27,4,NSC,Rasuwa
B.S:2072-1-13A.D:2015-04-25,Local:02:21 UTC:20:36,28.14,85.16,4.4,NSC,Rasuwa
B.S:2072-1-13A.D:2015-04-25,Local:01:53 UTC:20:08,28.05,85.25,4.1,NSC,Rasuwa
B.S:2072-1-12A.D:2015-04-25,Local:19:15 UTC:13:30,28.1,85.2,4.7,NSC/RSC,Rasuwa
B.S:2072-1-12A.D:2015-04-25,Local:17:26 UTC:11:41,28.14,85.28,4.1,NSC/RSC,Rasuwa
B.S:2072-1-12A.D:2015-04-25,Local:15:28 UTC:09:43,28.29,85.16,4.6,NSC,Rasuwa
B.S:2072-1-12A.D:2015-04-25,Local:12:53 UTC:07:08,28.2,85.75,5.3,NSC/RSC,Rasuwa
B.S:2072-1-12A.D:2015-04-25,Local:12:41 UTC:06:56,28.13,85.65,5.7,NSC/RSC,Rasuwa
B.S:2079-10-27A.D:2023-02-10,Local:08:52 UTC:03:07,28.8,82.53,4.2,NEMRC/SC/DMG,Rukum
B.S:2074-6-16A.D:2017-10-02,Local:07:07 UTC:01:22,28.83,82.55,4.1,NSC/RSC,Rukum
B.S:2072-3-5A.D:2015-06-20,Local:18:08 UTC:12:23,28.65,82.76,5.4,NSC,Rukum
B.S:2080-2-7A.D:2023-05-20,Local:02:59 UTC:21:14,28.62,82.84,4.1,NEMRC/SC/DMG,RUKUM EAST
B.S:2078-9-23A.D:2022-01-06,Local:00:14 UTC:18:29,28.68,82.97,4.2,NEMRC/SC,Rukum East
B.S:2076-6-12A.D:2019-09-29,Local:07:27 UTC:01:42,28.66,83.06,4.4,NSC,Rukum/Baglung border
B.S:2078-3-15A.D:2021-06-29,Local:14:20 UTC:08:35,27.3,87.26,4,NEMRC,Sankhuwasabha
B.S:2077-5-19A.D:2020-09-04,Local:07:20 UTC:01:35,27.58,87.19,4,NSC,Sankhuwasabha
B.S:2077-4-31A.D:2020-08-15,Local:16:07 UTC:10:22,27.8,87.62,4.2,NSC,Sankhuwasabha
B.S:2075-5-13A.D:2018-08-29,Local:23:35 UTC:17:50,27.79,87.41,4.2,NSC,Sankhuwasabha
B.S:2072-11-11A.D:2016-02-23,Local:08:45 UTC:03:00,27.47,87.15,4.5,NSC,Sankhuwasava
B.S:2079-10-8A.D:2023-01-21,Local:04:38 UTC:22:53,27.8,85.81,4.2,NEMRC/DMG,Sindhupalchowk
B.S:2079-5-2A.D:2022-08-18,Local:22:43 UTC:16:58,27.97,85.54,4.2,NERMC,Sindhupalchowk
B.S:2079-4-9A.D:2022-07-25,Local:06:07 UTC:00:22,27.94,85.52,4.7,NEMRC,Sindhupalchowk
B.S:2078-10-7A.D:2022-01-21,Local:06:43 UTC:00:58,27.98,85.58,4.1,NEMRC,Sindhupalchowk
B.S:2078-7-23A.D:2021-11-09,Local:14:28 UTC:08:43,27.87,85.92,4.1,NEMRC,Sindhupalchowk
B.S:2078-7-1A.D:2021-10-18,Local:15:23 UTC:09:38,27.86,85.82,4,NEMRC,Sindhupalchowk
B.S:2078-7-1A.D:2021-10-18,Local:13:46 UTC:08:01,27.92,85.8,4.7,NEMRC,Sindhupalchowk
B.S:2077-8-17A.D:2020-12-02,Local:13:42 UTC:07:57,27.75,85.87,4.2,NEMRC,Sindhupalchowk
B.S:2075-11-14A.D:2019-02-26,Local:16:20 UTC:10:35,27.84,85.95,4.1,NSC,Sindhupalchowk
B.S:2075-9-8A.D:2018-12-22,Local:05:06 UTC:23:21,27.85,85.76,4.7,NSC,Sindhupalchowk
B.S:2075-4-8A.D:2018-07-24,Local:17:44 UTC:11:59,27.94,85.51,4.3,NSC,Sindhupalchowk
B.S:2073-2-15A.D:2016-05-28,Local:15:24 UTC:09:39,27.94,85.5,4.6,NSC/RSC,Sindhupalchowk
B.S:2072-11-12A.D:2016-02-24,Local:15:07 UTC:09:22,27.8,85.74,5.4,NSC,Sindhupalchowk
B.S:2072-8-3A.D:2015-11-19,Local:17:44 UTC:11:59,27.77,85.88,4,NSC,Sindhupalchowk
B.S:2072-3-23A.D:2015-07-08,Local:09:55 UTC:04:10,27.92,85.68,4.2,NSC,Sindhupalchowk
B.S:2072-3-21A.D:2015-07-06,Local:21:14 UTC:15:29,27.96,85.75,4.4,NSC,Sindhupalchowk
B.S:2072-3-13A.D:2015-06-28,Local:22:01 UTC:16:16,27.92,85.66,4.3,NSC,Sindhupalchowk
B.S:2072-3-10A.D:2015-06-25,Local:23:51 UTC:18:06,27.94,85.49,4.2,NSC,Sindhupalchowk
B.S:2072-3-2A.D:2015-06-17,Local:06:26 UTC:00:41,27.9,85.58,4,NSC,Sindhupalchowk
B.S:2072-3-2A.D:2015-06-17,Local:06:14 UTC:00:29,27.91,85.59,5.2,NSC,Sindhupalchowk
B.S:2072-2-9A.D:2015-05-23,Local:16:11 UTC:10:26,27.9,85.51,4.4,NSC,Sindhupalchowk
B.S:2072-1-30A.D:2015-05-13,Local:17:56 UTC:12:11,27.69,86.11,4.7,NSC,Sindhupalchowk
B.S:2072-1-30A.D:2015-05-13,Local:09:27 UTC:03:42,27.85,85.92,4.2,NSC,Sindhupalchowk
B.S:2072-1-29A.D:2015-05-12,Local:20:04 UTC:2:19 PM,27.88,85.94,4.8,NSC,Sindhupalchowk
B.S:2072-1-29A.D:2015-05-12,Local:13:13 UTC:07:28,27.78,85.85,4.3,NSC,Sindhupalchowk
B.S:2072-1-29A.D:2015-05-12,Local:12:32 UTC:06:47,27.89,85.88,4.4,NSC,Sindhupalchowk
B.S:2072-1-29A.D:2015-05-12,Local:09:14 UTC:03:29,27.8,85.95,4.2,NSC,Sindhupalchowk
B.S:2072-1-29A.D:2015-05-12,Local:07:43 UTC:01:58,27.8,85.83,5.3,NSC,Sindhupalchowk
B.S:2072-1-29A.D:2015-05-12,Local:07:36 UTC:01:51,27.8,85.94,5.1,NSC,Sindhupalchowk
B.S:2072-1-15A.D:2015-04-28,Local:10:50 UTC:05:05,28.1,85.49,4.9,NSC,Sindhupalchowk
B.S:2074-5-8A.D:2017-08-24,Local:16:25 UTC:10:40,28.06,85.94,4.8,NSC,Sindhupalchowk-Tibet border
B.S:2075-7-8A.D:2018-10-25,Local:07:07 UTC:01:22,27.72,86.02,4,NSC,Sindhupalchowk/Dolakha
B.S:2079-7-2A.D:2022-10-19,Local:15:53 UTC:10:08,28.07,86.02,4.5,NEMRC,Sindhupalchowk/Tibet
B.S:2079-7-2A.D:2022-10-19,Local:15:07 UTC:09:22,28.15,86.06,5.9,NEMRC,Sindhupalchowk/Tibet
B.S:2078-6-16A.D:2021-10-02,Local:20:13 UTC:14:28,27.91,85.81,4.1,NEMRC,Sindhupalchowk
B.S:2078-6-16A.D:2021-10-02,Local:19:58 UTC:14:13,27.92,85.81,4.6,NEMRC,Sindhupalchowk
B.S:2078-6-15A.D:2021-10-01,Local:12:54 UTC:07:09,27.71,85.92,4.2,NEMRC,Sindhupalchowk
B.S:2078-6-9A.D:2021-09-25,Local:12:12 UTC:06:27,27.91,85.8,4.5,NEMRC,Sindhupalchowk
B.S:2077-5-31A.D:2020-09-15,Local:05:19 UTC:23:34,27.77,85.88,6,NEMRC,Sindhupalchowk
B.S:2076-8-26A.D:2019-12-12,Local:19:11 UTC:13:26,27.95,85.59,4.8,NSC,Sindhupalchowk
B.S:2076-8-11A.D:2019-11-27,Local:22:08 UTC:16:23,27.79,85.79,5,NSC,Sindhupalchowk
B.S:2076-1-21A.D:2019-05-04,Local:08:37 UTC:02:52,27.94,85.72,4,NSC,Sindhupalchowk
B.S:2076-1-16A.D:2019-04-29,Local:11:35 UTC:05:50,27.93,85.94,4,NSC,Sindhupalchowk
B.S:2074-9-3A.D:2017-12-18,Local:17:18 UTC:11:33,27.96,85.68,4.2,NSC,Sindhupalchowk
B.S:2074-1-11A.D:2017-04-24,Local:17:04 UTC:11:19,27.86,85.77,4.2,NSC,Sindhupalchowk
B.S:2073-6-2A.D:2016-09-18,Local:22:57 UTC:17:12,27.91,85.77,4.6,NSC,Sindhupalchowk
B.S:2073-3-23A.D:2016-07-07,Local:17:38 UTC:11:53,27.92,85.66,4.4,NSC,Sindhupalchowk
B.S:2073-2-22A.D:2016-06-03,Local:05:10 UTC:23:25,27.96,85.62,4.4,NSC,Sindhupalchowk
B.S:2073-2-3A.D:2016-05-15,Local:04:30 UTC:22:45,27.93,85.5,4.4,NSC/RSC,Sindhupalchowk
B.S:2073-2-2A.D:2016-05-14,Local:05:05 UTC:23:20,27.97,85.55,4.3,NSC,Sindhupalchowk
B.S:2073-1-10A.D:2016-04-22,Local:16:49 UTC:11:04,27.79,85.85,4,NSC,Sindhupalchowk
B.S:2072-12-19A.D:2016-03-31,Local:04:26 UTC:22:41,27.93,85.59,4,NSC,Sindhupalchowk
B.S:2072-12-17A.D:2016-03-30,Local:18:11 UTC:12:26,27.89,85.73,4.7,NSC,Sindhupalchowk
B.S:2072-12-3A.D:2016-03-15,Local:03:12 UTC:21:27,27.84,85.73,4.5,NSC,Sindhupalchowk
B.S:2072-11-28A.D:2016-03-11,Local:15:13 UTC:09:28,27.9,85.87,4.2,NSC,Sindhupalchowk
B.S:2072-11-23A.D:2016-03-06,Local:07:10 UTC:01:25,27.69,85.93,4,NSC,Sindhupalchowk
B.S:2072-11-18A.D:2016-03-01,Local:16:30 UTC:10:45,27.79,85.73,4.3,NSC,Sindhupalchowk
B.S:2072-11-1A.D:2016-02-13,Local:20:22 UTC:14:37,27.81,85.72,4.3,NSC,Sindhupalchowk
B.S:2072-10-27A.D:2016-02-10,Local:22:12 UTC:16:27,27.84,85.71,4.6,NSC,Sindhupalchowk
B.S:2072-10-22A.D:2016-02-05,Local:22:05 UTC:16:20,27.95,85.52,5.5,NSC,Sindhupalchowk
B.S:2072-10-13A.D:2016-01-27,Local:14:27 UTC:08:42,27.83,85.83,4.4,NSC,Sindhupalchowk
B.S:2072-9-19A.D:2016-01-02,Local:03:15 UTC:21:30,28.01,85.8,4.2,NSC,Sindhupalchowk
B.S:2072-9-16A.D:2015-12-31,Local:07:41 UTC:01:56,27.86,85.72,4.3,NSC,Sindhupalchowk
B.S:2072-8-10A.D:2015-11-25,Local:00:42 UTC:18:57,27.87,85.77,4.1,NSC,Sindhupalchowk
B.S:2072-6-12A.D:2015-09-29,Local:16:39 UTC:10:54,27.77,85.87,4.6,NSC,Sindhupalchowk
B.S:2072-5-18A.D:2015-09-03,Local:05:10 UTC:23:25,27.75,86.01,4.3,NSC,Sindhupalchowk
B.S:2072-5-14A.D:2015-08-31,Local:23:33 UTC:17:48,27.92,85.69,4.2,NSC,Sindhupalchowk
B.S:2072-5-13A.D:2015-08-30,Local:19:02 UTC:13:17,27.72,85.75,5,NSC,Sindhupalchowk
B.S:2072-5-11A.D:2015-08-27,Local:00:51 UTC:19:06,27.85,85.74,4.2,NSC,Sindhupalchowk
B.S:2072-3-17A.D:2015-07-02,Local:07:41 UTC:01:56,27.97,85.62,5,NSC,Sindhupalchowk
B.S:2072-3-17A.D:2015-07-01,Local:03:33 UTC:21:48,27.8,85.74,4,NSC,Sindhupalchowk
B.S:2072-3-14A.D:2015-06-29,Local:23:34 UTC:17:49,27.93,85.64,4,NSC,Sindhupalchowk
B.S:2072-3-14A.D:2015-06-29,Local:23:27 UTC:17:42,27.92,85.68,4.1,NSC,Sindhupalchowk
B.S:2072-3-9A.D:2015-06-24,Local:14:59 UTC:09:14,27.85,85.75,4,NSC,Sindhupalchowk
B.S:2072-2-32A.D:2015-06-15,Local:15:52 UTC:10:07,27.87,85.72,4.1,NSC,Sindhupalchowk
B.S:2072-2-28A.D:2015-06-11,Local:21:57 UTC:16:12,27.96,85.73,5.3,NSC,Sindhupalchowk
B.S:2072-2-28A.D:2015-06-11,Local:10:02 UTC:04:17,27.8,85.78,4.6,NSC,Sindhupalchowk
B.S:2072-2-28A.D:2015-06-10,Local:02:50 UTC:21:05,27.87,85.81,4.1,NSC,Sindhupalchowk
B.S:2072-2-27A.D:2015-06-10,Local:13:36 UTC:07:51,27.8,85.61,4.3,NSC,Sindhupalchowk
B.S:2072-2-24A.D:2015-06-07,Local:11:02 UTC:05:17,27.9,85.64,4.6,NSC,Sindhupalchowk
B.S:2072-2-22A.D:2015-06-05,Local:10:02 UTC:04:17,27.79,85.78,4.1,NSC,Sindhupalchowk
B.S:2072-2-21A.D:2015-06-03,Local:02:45 UTC:21:00,27.84,85.78,4.1,NSC,Sindhupalchowk
B.S:2072-2-20A.D:2015-06-03,Local:13:37 UTC:07:52,27.79,85.87,4.5,NSC,Sindhupalchowk
B.S:2072-2-19A.D:2015-06-01,Local:04:35 UTC:22:50,27.98,85.51,4,NSC,Sindhupalchowk
B.S:2072-2-14A.D:2015-05-28,Local:16:01 UTC:10:16,27.94,85.54,4,NSC,Sindhupalchowk
B.S:2072-2-13A.D:2015-05-27,Local:07:01 UTC:01:16,27.89,85.53,4.6,NSC,Sindhupalchowk
B.S:2072-2-13A.D:2015-05-27,Local:07:00 UTC:01:15,27.91,85.53,4.5,NSC,Sindhupalchowk
B.S:2072-2-10A.D:2015-05-24,Local:17:31 UTC:11:46,27.84,86,4.2,NSC,Sindhupalchowk
B.S:2072-2-8A.D:2015-05-22,Local:12:34 UTC:06:49,27.78,85.93,4,NSC,Sindhupalchowk
B.S:2072-2-5A.D:2015-05-19,Local:17:14 UTC:11:29,27.9,85.99,4,NSC,Sindhupalchowk
B.S:2072-2-5A.D:2015-05-19,Local:10:29 UTC:04:44,27.92,86.04,4.2,NSC,Sindhupalchowk
B.S:2072-2-2A.D:2015-05-16,Local:15:09 UTC:09:24,27.7,85.85,4.2,NSC,Sindhupalchowk
B.S:2072-1-31A.D:2015-05-14,Local:15:25 UTC:09:40,27.84,85.84,4,NSC,Sindhupalchowk
B.S:2072-1-28A.D:2015-05-11,Local:17:39 UTC:11:54,27.91,85.75,4,NSC,Sindhupalchowk
B.S:2072-1-28A.D:2015-05-11,Local:14:20 UTC:08:35,27.99,85.86,4.2,NSC,Sindhupalchowk
B.S:2072-1-27A.D:2015-05-10,Local:12:19 UTC:06:34,27.88,86,4.4,NSC,Sindhupalchowk
B.S:2072-1-25A.D:2015-05-08,Local:14:04 UTC:08:19,27.75,85.91,4.2,NSC,Sindhupalchowk
B.S:2072-1-25A.D:2015-05-08,Local:08:04 UTC:02:19,27.94,85.58,4,NSC,Sindhupalchowk
B.S:2072-1-25A.D:2015-05-08,Local:07:17 UTC:01:32,27.77,85.88,4.8,NSC,Sindhupalchowk
B.S:2072-1-22A.D:2015-05-05,Local:10:45 UTC:05:00,27.96,86,4.2,NSC,Sindhupalchowk
B.S:2072-1-21A.D:2015-05-04,Local:10:44 UTC:04:59,27.75,85.87,4.2,NSC,Sindhupalchowk
B.S:2072-1-21A.D:2015-05-04,Local:09:25 UTC:03:40,27.95,85.86,4.4,NSC,Sindhupalchowk
B.S:2072-1-20A.D:2015-05-03,Local:09:14 UTC:3:29 AM,27.69,85.93,4.5,NSC,Sindhupalchowk
B.S:2072-1-20A.D:2015-05-03,Local:14:12 UTC:08:27,28.09,85.72,4.2,NSC,Sindhupalchowk
B.S:2072-1-20A.D:2015-05-03,Local:12:43 UTC:06:58,27.89,85.73,4,NSC,Sindhupalchowk
B.S:2072-1-19A.D:2015-05-02,Local:16:58 UTC:11:13,27.72,85.74,4,NSC,Sindhupalchowk
B.S:2072-1-19A.D:2015-05-02,Local:15:17 UTC:09:32,27.93,85.5,4.2,NSC,Sindhupalchowk
B.S:2072-1-19A.D:2015-05-02,Local:09:40 UTC:03:55,27.95,85.73,4.2,NSC,Sindhupalchowk
B.S:2072-1-18A.D:2015-05-01,Local:16:20 UTC:10:35,27.75,85.95,4,NSC,Sindhupalchowk
B.S:2072-1-18A.D:2015-05-01,Local:14:12 UTC:08:27,27.88,85.87,4.2,NSC,Sindhupalchowk
B.S:2072-1-17A.D:2015-04-30,Local:17:04 UTC:11:19,27.92,85.87,4.3,NSC,Sindhupalchowk
B.S:2072-1-16A.D:2015-04-29,Local:10:57 UTC:05:12,27.95,85.52,4.5,NSC,Sindhupalchowk
B.S:2072-1-16A.D:2015-04-29,Local:10:34 UTC:04:49,27.93,85.63,4,NSC,Sindhupalchowk
B.S:2072-1-15A.D:2015-04-28,Local:17:53 UTC:12:08,27.96,85.55,4,NSC,Sindhupalchowk
B.S:2072-1-15A.D:2015-04-28,Local:14:25 UTC:08:40,27.76,85.8,4,NSC,Sindhupalchowk
B.S:2072-1-15A.D:2015-04-28,Local:10:48 UTC:05:03,27.88,85.88,4.2,NSC,Sindhupalchowk
B.S:2072-1-15A.D:2015-04-28,Local:08:57 UTC:03:12,27.89,85.76,4.2,NSC,Sindhupalchowk
B.S:2072-1-15A.D:2015-04-28,Local:08:55 UTC:03:10,27.83,85.83,4,NSC,Sindhupalchowk
B.S:2072-1-15A.D:2015-04-28,Local:08:44 UTC:02:59,27.92,85.51,4.2,NSC,Sindhupalchowk
B.S:2072-1-14A.D:2015-04-27,Local:16:24 UTC:10:39,27.82,85.89,4.2,NSC,Sindhupalchowk
B.S:2072-1-14A.D:2015-04-27,Local:15:50 UTC:10:05,27.93,85.86,4,NSC,Sindhupalchowk
B.S:2072-1-14A.D:2015-04-27,Local:10:12 UTC:04:27,27.82,85.76,4.4,NSC,Sindhupalchowk
B.S:2072-1-13A.D:2015-04-26,Local:21:12 UTC:15:27,27.77,85.91,4.5,NSC,Sindhupalchowk
B.S:2072-1-13A.D:2015-04-26,Local:20:16 UTC:14:31,27.97,85.81,4.5,NSC,Sindhupalchowk
B.S:2072-1-13A.D:2015-04-26,Local:17:59 UTC:12:14,27.94,85.55,4.1,NSC,Sindhupalchowk
B.S:2072-1-13A.D:2015-04-26,Local:17:36 UTC:11:51,27.91,85.55,4.2,NSC,Sindhupalchowk
B.S:2072-1-13A.D:2015-04-26,Local:16:20 UTC:10:35,28.04,85.5,4.5,NSC,Sindhupalchowk
B.S:2072-1-13A.D:2015-04-26,Local:15:55 UTC:10:10,27.95,85.87,5.3,NSC,Sindhupalchowk
B.S:2072-1-13A.D:2015-04-26,Local:14:14 UTC:08:29,27.72,85.97,4.5,NSC,Sindhupalchowk
B.S:2072-1-13A.D:2015-04-26,Local:12:41 UTC:06:56,27.89,85.6,5,NSC,Sindhupalchowk
B.S:2072-1-13A.D:2015-04-26,Local:08:37 UTC:02:52,27.82,85.8,4.8,NSC,Sindhupalchowk
B.S:2072-1-13A.D:2015-04-26,Local:08:10 UTC:02:25,27.79,86,4.8,NSC,Sindhupalchowk
B.S:2072-1-13A.D:2015-04-26,Local:08:02 UTC:02:17,27.6,85.96,4.8,NSC,Sindhupalchowk
B.S:2072-1-13A.D:2015-04-26,Local:07:41 UTC:01:56,27.93,85.56,4.4,NSC,Sindhupalchowk
B.S:2072-1-13A.D:2015-04-26,Local:07:14 UTC:01:29,27.93,85.56,4.1,NSC,Sindhupalchowk
B.S:2072-1-13A.D:2015-04-26,Local:06:57 UTC:01:12,27.75,85.94,5.3,NSC,Sindhupalchowk
B.S:2072-1-12A.D:2015-04-25,Local:21:53 UTC:4:08 PM,27.87,85.8,4.1,NSC/RSC,Sindhupalchowk
B.S:2072-1-13A.D:2015-04-25,Local:05:31 UTC:23:46,27.78,85.98,4.1,NSC,Sindhupalchowk
B.S:2072-1-13A.D:2015-04-25,Local:05:09 UTC:23:24,27.9,85.53,4,NSC,Sindhupalchowk
B.S:2072-1-13A.D:2015-04-25,Local:05:04 UTC:23:19,27.77,85.83,4.1,NSC,Sindhupalchowk
B.S:2072-1-13A.D:2015-04-25,Local:03:57 UTC:22:12,27.92,85.64,5.3,NSC,Sindhupalchowk
B.S:2072-1-13A.D:2015-04-25,Local:02:47 UTC:21:02,27.95,85.56,4.2,NSC,Sindhupalchowk
B.S:2072-1-13A.D:2015-04-25,Local:02:10 UTC:20:25,27.73,85.9,5,NSC,Sindhupalchowk
B.S:2072-1-13A.D:2015-04-25,Local:01:40 UTC:19:55,27.73,85.9,4.7,NSC,Sindhupalchowk
B.S:2072-1-12A.D:2015-04-25,Local:16:50 UTC:11:05,27.91,85.5,4.6,NSC/RSC,Sindhupalchowk
B.S:2072-1-12A.D:2015-04-25,Local:16:25 UTC:10:40,27.86,85.85,4,NSC/RSC,Sindhupalchowk
B.S:2072-1-12A.D:2015-04-25,Local:15:15 UTC:09:30,28,85.6,5.5,NSC/RSC,Sindhupalchowk
B.S:2072-1-12A.D:2015-04-25,Local:14:02 UTC:08:17,27.78,85.84,5.2,NSC/RSC,Sindhupalchowk
B.S:2072-8-3A.D:2015-11-19,Local:10:00 UTC:04:15,27.89,85.75,5.3,NSC,Sindhupalchowk
B.S:2072-7-26A.D:2015-11-12,Local:15:45 UTC:10:00,27.99,85.65,4.2,NSC,Sindhupalchowk
B.S:2072-4-24A.D:2015-08-09,Local:07:55 UTC:02:10,27.94,85.52,4.1,NSC,Sindhupalchowk
B.S:2072-4-23A.D:2015-08-08,Local:06:24 UTC:00:39,27.77,85.7,4,NSC,Sindhupalchowk
B.S:2072-4-21A.D:2015-08-06,Local:20:36 UTC:14:51,27.86,85.76,4.1,NSC,Sindhupalchowk
B.S:2072-4-16A.D:2015-08-01,Local:07:22 UTC:01:37,27.81,85.71,4.2,NSC,Sindhupalchowk
B.S:2072-4-12A.D:2015-07-28,Local:09:21 UTC:03:36,27.8,85.75,4.1,NSC,Sindhupalchowk
B.S:2072-4-10A.D:2015-07-26,Local:10:03 UTC:04:18,27.85,85.75,4,NSC,Sindhupalchowk
B.S:2072-3-24A.D:2015-07-09,Local:17:59 UTC:12:14,27.89,85.73,4.4,NSC,Sindhupalchowk
B.S:2072-3-21A.D:2015-07-05,Local:01:27 UTC:19:42,27.86,85.87,4.4,NSC,Sindhupalchowk
B.S:2072-3-6A.D:2015-06-21,Local:19:26 UTC:13:41,27.8,86,4.3,NSC,Sindhupalchowk
B.S:2072-1-31A.D:2015-05-14,Local:14:37 UTC:08:52,27.8,85.82,4,NSC,Sindhupalchowk
B.S:2072-6-21A.D:2015-10-08,Local:21:58 UTC:16:13,27.96,85.54,4.1,NSC,Sindhupalchowk
B.S:2072-10-13A.D:2016-01-27,Local:20:42 UTC:14:57,26.68,86.27,4.2,NSC,Siraha
B.S:2077-1-4A.D:2020-04-15,Local:00:55 UTC:19:10,27.55,86.59,4.7,NSC,Solukhumbu
B.S:2076-5-5A.D:2019-08-22,Local:07:07 UTC:01:22,27.52,86.39,4,NSC,Solukhumbu
B.S:2079-12-14A.D:2023-03-28,Local:23:41 UTC:17:56,27.86,87.89,4.6,NEMRC/DMG,Taplejung
B.S:2079-11-17A.D:2023-03-01,Local:17:42 UTC:11:57,27.82,88.02,4,NEMRC/DMG,Taplejung
B.S:2079-11-1A.D:2023-02-12,Local:04:30 UTC:22:45,27.83,87.95,4.8,NEMRC/DMG,Taplejung
B.S:2079-10-18A.D:2023-01-31,Local:00:24 UTC:18:39,27.42,87.47,4,NEMRC/DMG,Taplejung
B.S:2079-2-9A.D:2022-05-23,Local:15:09 UTC:09:24,27.3,87.73,4.3,NEMRC,Taplejung
B.S:2079-2-9A.D:2022-05-23,Local:15:00 UTC:09:15,27.31,87.94,4.1,NEMRC,Taplejung
B.S:2078-12-9A.D:2022-03-23,Local:16:39 UTC:10:54,27.9,87.86,4.2,NEMRC,Taplejung
B.S:2077-10-27A.D:2021-02-09,Local:07:35 UTC:01:50,27.89,87.91,5.4,NEMRC,Taplejung
B.S:2077-10-23A.D:2021-02-04,Local:03:58 UTC:22:13,27.78,88.15,4.5,NEMRC,Taplejung
B.S:2077-9-19A.D:2021-01-03,Local:10:44 UTC:04:59,27.66,87.62,4.4,NEMRC,Taplejung
B.S:2077-8-23A.D:2020-12-08,Local:19:08 UTC:13:23,27.77,87.86,4.2,NEMRC,Taplejung
B.S:2077-7-24A.D:2020-11-08,Local:03:29 UTC:21:44,27.73,87.87,4.9,NEMRC,Taplejung
B.S:2076-7-4A.D:2019-10-20,Local:01:09 UTC:19:24,27.82,87.98,4.2,NSC,Taplejung
B.S:2075-11-2A.D:2019-02-14,Local:17:11 UTC:11:26,27.81,88.18,4.6,NSC,Taplejung
B.S:2075-5-8A.D:2018-08-24,Local:18:16 UTC:12:31,27.5,88.04,4.5,NSC,Taplejung
B.S:2075-3-6A.D:2018-06-20,Local:10:00 UTC:04:15,27.31,87.9,4.7,NSC,Taplejung
B.S:2075-3-6A.D:2018-06-20,Local:09:54 UTC:04:09,27.36,88.01,4.8,NSC,Taplejung
B.S:2075-1-22A.D:2018-05-05,Local:20:49 UTC:15:04,27.74,88.13,4.4,NSC,Taplejung
B.S:2072-12-12A.D:2016-03-24,Local:05:26 UTC:23:41,27.75,88.04,4.1,NSC,Taplejung
B.S:2074-2-31A.D:2017-06-14,Local:09:27 UTC:03:42,27.88,88.13,4.1,NSC,Taplejung-Tibet Border
B.S:2074-11-9A.D:2018-02-21,Local:21:44 UTC:15:59,28.07,85.96,4.3,NSC,Tibet
B.S:2072-3-2A.D:2015-06-17,Local:08:00 UTC:02:15,28.27,85.94,5.1,NSC,Tibet
B.S:2072-2-24A.D:2015-06-06,Local:02:33 UTC:20:48,28.26,85.86,4.2,NSC,Tibet
B.S:2072-1-29A.D:2015-05-12,Local:14:58 UTC:09:13,27.97,86.45,4.8,NSC,Tibet
B.S:2072-1-29A.D:2015-05-12,Local:14:29 UTC:08:44,28.03,86.36,4.1,NSC,Tibet
B.S:2072-1-27A.D:2015-05-10,Local:07:35 UTC:01:50,28.04,85.96,4.2,NSC,Tibet
B.S:2072-1-13A.D:2015-04-26,Local:07:07 UTC:01:22,27.94,86.05,5,NSC,Tibet
B.S:2072-1-13A.D:2015-04-25,Local:05:12 UTC:23:27,28.34,85.91,5.6,NSC,Tibet
B.S:2072-1-12A.D:2015-04-25,Local:13:32 UTC:07:47,27.99,85.71,5.1,NSC,Tibet
B.S:2072-1-12A.D:2015-04-25,Local:12:23 UTC:06:38,28.41,85.8,5.5,NSC,Tibet
B.S:2078-4-28A.D:2021-08-12,Local:09:54 UTC:04:09,26.98,86.69,4.3,NEMRC,Udayapur
B.S:2076-7-5A.D:2019-10-22,Local:11:06 UTC:05:21,26.88,86.59,4.1,NSC,Udayapur
B.S:2072-1-27A.D:2015-05-10,Local:08:29 UTC:02:44,26.94,86.67,4,NSC,Udayapur
